Topic Category,Disclosure Title,Disclosure Description,Sector,Subsector
Product Quality & Safety,Management of Chemicals in Products,"Chemical safety regulations demonstrate regulatory and stakeholder concern surrounding the use of harmful or potentially harmful substances in consumer products, including apparel, accessories and footwear. Finished apparel and footwear products have
been found to contain traces of chemicals that have been banned or regulated. Depending on the chemical, the amount present in a product and the type of exposure, specific substances can be carcinogenic and can disrupt hormone activity in humans and other organisms. Failure to manage this issue may generate increased regulatory oversight and affect an entity’s social licence to operate. The presence of harmful chemicals in products can result in recalls, litigation and reputational damage. Entities in this industry can examine the design, manufacturing and end-of-life phases to manage the creation, use and disposal of products containing chemicals of concern, develop safe alternatives and eliminate banned chemicals. Given the industry’s reliance on outsourced manufacturing, this involves proactive partnerships with suppliers. In managing this issue, entities must balance the hazards posed by some chemicals against the quality of a product and its costs of production.
More",Consumer Goods,"Apparel, Accessories & Footwear"
Supply Chain Management,Environmental Impacts in the Supply Chain,"The Apparel, Accessories & Footwear industry’s global supply chain contributes significantly to adverse environmental externalities through water consumption and various forms of pollution. Water pollution results from the discharge of chemicals
during water-intensive dyeing and tanning processes. Air pollution stems from the industry’s energy use and some manufacturing processes. These impacts have the potential to damage an entity’s reputation and to affect cost structures over time. The scale of this issue has been intensified historically by the industry relying on manufacturing partners in emerging markets with limited environmental regulations and oversight. However, enhanced stakeholder and consumer scrutiny, coupled with increasingly stringent regulation in some regions, has encouraged entities throughout the industry to work with suppliers to reduce their environmental impact. Apparel, Accessories & Footwear entities that leverage their market power to influence suppliers to improve operational efficiencies and resource consumption and limit pollution can mitigate the costs associated with increased resource scarcity and regulation. Further, those that engage with suppliers through monitoring, auditing and strict standards may better preserve shareholder value over the long term.
More",Consumer Goods,"Apparel, Accessories & Footwear"
Supply Chain Management,Labour Conditions in the Supply Chain,"The treatment of workers and the protection of worker rights in the Apparel, Accessories & Footwear industry’s supply chain is of growing concern among consumers, regulators and leading entities. Critical aspects of this issue include employee health
and safety, fair pay, child labour and forced labour. Although many entities strive to improve supply chain labour conditions, the industry’s reliance on a multitiered system of suppliers, subcontractors, labour recruitment firms and part-time workers makes these issues difficult to manage. Because entities in the industry typically contract with suppliers in countries with the lowest direct costs, the industry’s products often are manufactured in countries with limited regulations or enforcement protecting workers. This dynamic can increase an entity’s exposure to reputational risks. Effects on short- and long-term costs and sales can arise from increasing regulation and enforcement in response to high-profile safety or labour incidents, production disruptions because of strikes and other labour-related work stoppages, or through a shift in demand away from entities associated with such incidents. Entities with strong supply chain standards, monitoring and engagement with suppliers to address labour concerns may better preserve shareholder value over the long term.
More",Consumer Goods,"Apparel, Accessories & Footwear"
Materials Sourcing & Efficiency,Raw Materials Sourcing,"The Apparel, Accessories & Footwear industry relies on many raw materials including cotton, leather, wool, rubber, and precious minerals and metals, as inputs for finished products. Sustainability impacts related to climate change, land use, resource
scarcity and conflict in regions where the industry’s supply chain operates affect the industry’s ability to reliably source materials. The ability of entities to manage potential material shortages, supply disruptions, price volatility and reputational risks can be more difficult when supply chains lack transparency. Failure to effectively manage this issue can delay shipments and depress earnings, reduce margins, constrain revenue growth or increase costs of capital. The types of risk associated with sourcing different materials can require different solutions, including engaging with suppliers, enhancing transparency by using certification standards, using innovative alternative materials, or introducing circular economy practices. Entities that are proactive may reduce their exposure to price volatility and potential supply disruptions, while improving their brand reputation and developing new market opportunities.
More",Consumer Goods,"Apparel, Accessories & Footwear"
Product Quality & Safety,Product Safety,"Product safety is of utmost importance to appliance and tool manufacturers. When an appliance malfunctions, fires or other resulting hazards may damage property, cause injury or even result in death. The potential for product malfunction and
consequences exposes firms to litigation and negative consumer sentiment risks, which can affect brand value, revenue growth or market share. Entities issuing product recalls face upfront costs for logistics and customer reimbursement, reputational risks and lost sales. Failure to report known product safety hazards to relevant authorities can result in civil penalties. Entities that effectively manage quality control and testing can minimise the possibility of a product malfunction or recall, capture additional market share, and limit exposure to regulatory and litigation risks.
More",Consumer Goods,Appliance Manufacturing
Product Design & Lifecycle Management,Product Lifecycle Environmental Impacts,"Entities in the Appliance Manufacturing industry seek to differentiate their products from those of competitors. One important differentiating factor is the lifecycle environmental impact of products and an entity’s ability to design products with
the entire lifecycle in mind, from creation and use to disposal. This includes appliance energy and water efficiency, which account for a significant proportion of a home’s energy and water use, as well as designing for and facilitating safe end-of-life disposal and recycling. Entities designing and manufacturing products to decrease lifecycle environmental impacts are more likely to increase market share owing to a lower cost of ownership, and they may better manage increased regulation related to issues such as extended producer responsibility.
More",Consumer Goods,Appliance Manufacturing
Energy Management,Energy Management in Manufacturing,"The Building Products & Furnishings industry creates value through energy-intensive manufacturing processes. Purchased electricity represents the largest share of energy consumption across the industry, while entities also may use fossil fuel energy
on-site. The price of conventional grid electricity and volatility of fossil fuel prices may increase because of evolving climate change regulations and new incentives for energy efficiency and renewable energy, among other factors, while alternative energy sources become more cost-competitive. Decisions regarding energy sourcing and type, as well as the use of alternative energy, can create trade-offs related to the energy supply’s cost and reliability for operations. Since the industry operates on relatively narrow profit margins, reductions in energy consumption may have a significant influence on financial performance. The way an entity manages energy efficiency, its reliance on different types of energy and their associated sustainability risks, and access alternative energy sources are likely to impact financial performance.
More",Consumer Goods,Building Products & Furnishings
Product Quality & Safety,Management of Chemicals in Products,"The Building Products & Furnishings industry’s products can contain substances that may harm human health, including volatile organic compounds (VOCs) and potential reproductive toxins, carcinogens and endocrine disruptors. In general, products
contain these substances at low concentrations, if at all, and therefore are not expected to pose a health concern. Nonetheless, entities may be exposed to potentially significant regulatory and reputational risk associated with the use of substances of concern. Actual or perceived human health risks create the potential for future regulation of product chemical content and possible reputational consequences for entities, which can significantly affect demand for products. The industry has engaged in voluntary efforts to eliminate such potentially harmful chemicals from products and use alternative materials. The adoption of building certification standards, such as the Leadership in Energy and Environmental Design (LEED) building rating system, has stimulated demand for products with reduced harmful chemical content. Entities that effectively manage harmful chemicals in their products may cultivate a long-term competitive advantage by increasing demand, reducing regulatory risk and improving brand value.
More",Consumer Goods,Building Products & Furnishings
Product Design & Lifecycle Management,Product Lifecycle Environmental Impacts,"Depending on the specific building product or furnishing, significant environmental impacts can arise during raw material sourcing, transportation, manufacturing, use-phase or end-of-life. Increasing consumer and regulatory preference for less
impactful products has spawned the development of more sustainable products, broadly termed ‘green building materials’. In addition, product lifecycle certification has arisen as a tool for entities and their customers to assess and improve a product’s lifecycle impact. Certification programmes typically examine specific sustainability characteristics of a product category and include the use of closed-loop materials that minimise a product’s end-of-life environmental impacts and reduce the need for extracting or producing virgin materials. Through product innovation and design that facilitates end-of-life product recovery and the use of less impactful materials, the adoption of product certification programmes, and partnerships with customers, manufacturers of building products can improve lifecycle impacts, reduce regulatory risk, meet growing customer demand and realise cost savings.
More",Consumer Goods,Building Products & Furnishings
Supply Chain Management,Wood Supply Chain Management,"The Building Products & Furnishings industry uses large amounts of wood sourced from forests worldwide. Unsustainable production and timber harvesting can result in adverse environmental and social impacts, including biodiversity loss and harm to the
livelihoods of forest-dependent communities. Entities inadvertently may source wood from areas susceptible to unsustainable forestry practices. Reports of illegal logging, environmental pollution or adverse impacts on communities can result in reputational repercussions that can damage an entity’s brand value, affecting demand for their products. In addition, regulations banning the importation of illegally produced wood can result in supply constraints, penalties and further damage to brand value. To mitigate these risks, entities increasingly are adopting third-party certifications verifying wood is grown and harvested in a sustainable manner. Obtaining wood sourcing certifications also can provide entities with a potential growth channel because they can satisfy customer demand for certified products.
More",Consumer Goods,Building Products & Furnishings
Energy Management,Hardware Infrastructure Energy & Water Management,"The E-Commerce industry uses a large part of the energy it consumes to power critical hardware and IT infrastructure in data centres. Data centres must be powered continuously, and disruptions to the energy supply can have a material impact on
operations, depending on the disruption magnitude and timing. Entities also face a trade-off between energy and water consumption for their data centre cooling needs. Cooling data centres with water instead of chillers improves energy efficiency, but this method can result in dependence on potentially scarce local water resources. Entities that effectively manage this issue may benefit from cost savings and minimise reputational risks, because concerns over energy and water use are growing.
More",Consumer Goods,E-Commerce
Customer Privacy,Data Privacy & Advertising Standards,"Entities in the E-Commerce industry have access to consumer information including financial information, purchase history and basic demographic data. Entities must carefully manage two separate and often conflicting priorities. Entities compete by
leveraging data to provide users with relevant services and target advertising or product recommendations based on consumers’ preferences and behaviour patterns, but their access to a range of user data may raise privacy concerns among users and the public at large. These privacy concerns can result in increased regulatory scrutiny. Failure to manage the issue can result in incremental costs associated with managing regulatory and reputational risks. Furthermore, effective management in this area can increase user confidence and loyalty, which are particularly important to maintain market share.
More",Consumer Goods,E-Commerce
Data Security,Data Security,"The business models of entities in the E-Commerce industry depend on an entity’s ability to securely process electronic payments. As consumers become more educated about the threats of cybercrime, their perceptions of an entity’s cybersecurity will
become increasingly important to maintain or gain market share. The most trusted brands have an opportunity to position themselves favourably in the eyes of consumers and gain a significant competitive advantage. Conversely, entities that are perceived to be vulnerable to cybersecurity breaches may experience financial consequences in the form of fines, litigation and decreased market share.
More",Consumer Goods,E-Commerce
"Employee Engagement, Diversity & Inclusion","Employee Recruitment, Inclusion & Performance","Employees are essential contributors to value creation in the E-Commerce industry. In important markets, a shortage of technically skilled domestic workers has created intense competition to acquire such employees, contributing to high turnover
rates. This competition for skilled workers and the search for innovative opportunities presents several interrelated sustainability challenges regarding human capital that entities must manage. Entities offer significant monetary and nonmonetary benefits to improve employee engagement, retention and productivity. Initiatives to improve employee engagement and work-life balance might positively influence the recruitment and retention of a diverse workforce. Efforts to recruit from and develop globally diverse talent pools can serve to address skilled worker shortages and improve the value of entity offerings more generally. Greater workforce diversity is important for innovation, and it helps entities understand the needs of their diverse and global customer base.
More",Consumer Goods,E-Commerce
Product Design & Lifecycle Management,Product Packaging & Distribution,"A significant part of the E-Commerce industry’s added value comes from an entity’s ability to move a wide array of goods efficiently to consumers who would otherwise have to personally travel to collect the goods from brick-and-mortar stores. As the
volume of packaging shipments increases, the industry may become more exposed to environmental externalities, such as carbon pricing and rising fuel costs that present risks associated with the shipping of products. While entities that outsource shipping and logistics have less control over the specific processes of shipping operations, they still can select suppliers with more energy-efficient business practices. Because this is a highly competitive and low-margin industry, the ability to reduce shipping costs through fuel reduction and more efficient routing may permit entities to pass those savings on to their customers. E-commerce entities also have an incentive to minimise the use of packaging. Efficient packaging can decrease costs by reducing the amount of purchased packaging material, as well as saving logistics costs because more products may fit into a single shipping load.
More",Consumer Goods,E-Commerce
Water & Wastewater Management,Water Management,"Water is vital to the Household & Personal Products industry, both as a coolant in manufacturing processes and as a main input for many of the industry’s products. Water is becoming a scarce resource around the world because of population growth and
increasing consumption, rapid urbanisation, and declining supplies because of subsurface aquifer depletion, drought and climate change. Many entities in this industry have operations in regions of the world facing water scarcity. Without careful planning, entities could face increased costs or lose water access in these regions, which may be a risk to production. Having rigorous checks in place to ensure a steady supply of water to all factories, as well as investing in technology to increase water use efficiency, will help entities reduce water-related risks as water scarcity becomes an increasingly global issue.
More",Consumer Goods,Household & Personal Products
Product Quality & Safety,"Product Environmental, Health and Safety Performance","The Household & Personal Products industry faces consumer and regulatory scrutiny over the use of chemicals of concern, which have been linked to adverse effects on human health and the environment. These chemicals include persistent, bioaccumulative
and toxic (PBT) substances and carcinogenic, mutagen or teratogenic chemicals. Isolating and determining causal channels for negative impacts on health and the environment is difficult, which often results in a significant delay between a product’s market introduction and the point at which regulation or public opinion demands entities in the industry to reformulate harmful chemicals. Applicable jurisdictional laws and regulations place restrictions on, or suggest alternatives to, the use of harmful chemicals within the industry. Large retailers have implemented programmes to ban chemicals of concern in the products they sell, placing greater pressure on the industry. Entities that anticipate the changing regulatory landscape and implement stricter processes and testing are more likely to gain a competitive advantage. Early adopters of innovations in green chemistry and the reduction of chemicals of concern may improve profitability by being better able to capture changing customer demand and avoid regulatory burdens.
More",Consumer Goods,Household & Personal Products
Product Design & Lifecycle Management,Packaging Lifecycle Management,"The Household & Personal Products industry uses a large quantity of materials for product packaging, which often constitutes a significant portion of entities’ expenses. Packaging design, particularly packaging weight, has direct consequences for
transportation expenses, which can be significant. The industry also faces pressure from both consumers and large retail outlets to manage the negative environmental externalities associated with packaging because of material extraction and waste. The sustainability performance of packaging depends largely on the type, use and ultimate disposal of materials. However, entities that effectively manage the sustainability characteristics of their product packaging—including developing light-weight, using recycled content and recyclable materials and adopting sustainably sourced materials—may be positioned better to capture shifting consumer demand and avoid (or mitigate) the effects of regulation related to extended producer responsibility. By managing the sustainability of product packaging, entities also potentially can reduce input and transportation costs.
More",Consumer Goods,Household & Personal Products
Supply Chain Management,Environmental & Social Impacts of Palm Oil Supply Chain,"Palm oil has increased in popularity as a cheap input for a wide range of goods in the Household & Personal Products industry, including cleaning products, candles and cosmetics. Palm oil harvesting in specific regions of the world may contribute to
deforestation, GHG emissions and other environmental and social problems. If not sourced responsibly, palm oil materials contribute to environmental and social externalities that can present reputational and regulatory risks for entities. Furthermore, entities in this industry are exposed to the risk of supply chain disruptions, input price increases and reputational damage associated with environmental and social externalities from palm oil sourcing. Entities face pressure to track and responsibly source palm oil and ensure minimum working condition standards in the supply chain, because palm oil production often is associated with labour issues. Implementing sourcing standards can reduce these risks, as can product-design phase innovations to reduce dependence on controversial materials such as palm oil.
More",Consumer Goods,Household & Personal Products
Energy Management,Energy Management in Retail & Distribution,"Entities in this industry require significant amounts of energy for retail facilities and warehouses. An increasing number of greenhouse gas (GHG) emissions regulations and incentives for energy efficiency and renewable energy may result in price
increases for conventional electricity sources while making alternative sources more cost-competitive. Fossil fuel-based energy production and consumption contribute to significant environmental impacts, including climate change and pollution. Energy sourcing decisions can create trade-offs related to energy supply costs and operational reliability. Overall energy efficiency and access to alternative energy sources are becoming increasingly important for entities to manage. Efficiency in this area can have financial implications through direct cost savings, which are particularly beneficial in this low-margin industry.
More",Consumer Goods,Multiline and Specialty Retailers & Distributors
Data Security,Data Security,"Consumers trust retail entities with their financial and personal data every time they make a noncash transaction with a credit or debit card or other method. Credit cards and debit cards have eclipsed cash and cheques as consumers’ preferred payment
methods in many jurisdictions around the world. In these noncash transactions, retailers build up a relationship of trust with consumers, assuring them of the safety of their personal information. Data breaches can occur both through breaches of the physical payment technology, called point-of-sales breaches, as well as through cyber-attacks. As consumers become more educated about the threats of cybercrime, their perceptions of an entity’s cybersecurity will become increasingly important to maintain or gain market share. Retailers that prevent major data breaches also can avoid harming brand value and reduce liabilities.
More",Consumer Goods,Multiline and Specialty Retailers & Distributors
Labour Practices,Labour Practices,"The retail industry’s significance to the global economy as a major employer often puts it at the centre of public labour-practice discussions. These discussions can have serious reputational implications for entities in the industry if their labour
practices are poor. The low average wages typical of the industry, which help entities maintain low prices on products, may increase these labour-related risks. Since customers regularly interact directly with retail employees, entities may experience decreased market share and revenue from negative consumer sentiment because of poor labour relations. Entities can enhance labour productivity and employee engagement by taking a long-term approach to managing workers in areas such as compensation and workers’ rights. In addition to mitigating risks, improvements in labour productivity may strengthen an entity’s reputation and reduce its cost of capital.
More",Consumer Goods,Multiline and Specialty Retailers & Distributors
"Employee Engagement, Diversity & Inclusion",Workforce Diversity & Inclusion,"The Multiline and Specialty Retailers & Distributors industry is consumer-facing and relies on communicating effectively with customers during the sales process and adapting to changing consumer demands for products. As many developed markets undergo
massive demographic shifts, including increases in minority populations, entities in this industry can benefit from ensuring that their culture and hiring and promotion practices embrace building a diverse workforce for management and junior staff. Retailers that respond to this demographic shift and employ staff who can recognise the needs of diverse populations may be better positioned to capture demand from consumer markets whose members have traditionally been overlooked, providing entities a competitive advantage. Furthermore, such entities may benefit from improved reputations among consumers, as well as decreased legal and regulatory risks.
More",Consumer Goods,Multiline and Specialty Retailers & Distributors
Product Design & Lifecycle Management,"Product Sourcing, Packaging & Marketing","Entities in the Multiline and Specialty Retailers & Distributors industry sell a wide array of products including electronics, clothing, furnishings and cosmetics, all of which have environmental and social impacts throughout their lifecycles. The
size and buying power of many entities in this industry allow them to work with their suppliers to source products and packaging with lower lifecycle environmental and social impacts. Entities that perform well in this regard may benefit from increased customer demand and improved margins. To take a proactive approach to engaging suppliers, entities in the industry may employ strategies such as using certification standards and reducing the environmental impacts of packaging.
More",Consumer Goods,Multiline and Specialty Retailers & Distributors
Product Quality & Safety,Chemical & Safety Hazards of Products,"Consumers and regulators expect the Toys & Sporting Goods industry to ensure its products are safe. Whether introduced by design or poor oversight of supply chains, the presence of harmful chemicals in products can have long-term effects on
children’s development and health. Faulty or poorly designed products can also create choking, fire or other hazards, which can result in injury or death. The Toys & Sporting Goods industry is subject to extensive product safety regulation to protect children, and evolving science on the safety of certain chemicals will probably lead to additional restrictions. Failure to create products that are safe for consumers may lead to increased regulatory oversight and affect an entity’s social licence to operate. Furthermore, improper product safety testing or evaluation can result in costly recalls, litigation or reputational damage that can affect sales. Entities that effectively manage the design and manufacturing phases to reduce the use of harmful chemicals while eliminating others can mitigate safety risks, potentially improving brand reputation and reducing the cost of capital.
More",Consumer Goods,Toys & Sporting Goods
Supply Chain Management,Labour Conditions in the Supply Chain,"Labour conditions and the treatment of workers in the industry’s manufacturing supply chain are points of concern for consumers, regulators and entities. Labour issues include worker health and safety standards, compensation, excessive working hours
and risks related to discrimination and forced labour. The industry is exposed to these issues because of its reliance on third-party manufacturing where labour standards and regulation enforcement may be weak. Entities also contract with numerous suppliers, adding complexity and transparency challenges. Failure to manage labour conditions can result in supply disruptions, reputational damage and increased regulation and enforcement in response to high-profile safety or labour incidents, strikes and work stoppages, and shifts in consumer demand. Entities that engage with suppliers through audits, partnerships and increased oversight may be better able to pre-empt and react more quickly to labour issues. Entities that effectively manage this issue can protect brand value and reduce their cost of capital.
More",Consumer Goods,Toys & Sporting Goods
GHG Emissions,Greenhouse Gas Emissions,"Coal operations are energy intensive and generate significant direct greenhouse gas (GHG) emissions, including carbon dioxide from fuel use and methane released from coal beds during mining and post-mining activities. Regulatory efforts to reduce GHG
emissions in response to the risks posed by climate change may result in higher operating and capital expenditures based on the magnitude of their direct emissions. Operational efficiencies can be achieved through the cost-effective reduction of GHG emissions. Such efficiencies can mitigate the potential financial impact of increased fuel costs from regulations that limit—or put a price on—GHG emissions.
More",Extractives & Minerals Processing,Coal Operations
Water & Wastewater Management,Water Management,"Coal operations have an impact on both the quality and quantity of local water resources. Coal operations are water intensive. The use of water in coal washing to remove sulphur, cool drilling equipment and transport coal in slurry pipelines can
impact resources. The severity of these risks can vary depending on the region’s water availability and the regulatory environment. Reducing water use and contamination also could create operational efficiencies for entities and lower their operating costs. Wastewater treatment and discharge often is regulated by jurisdictional authorities. Violating limits on selenium, sulphate and dissolved solids could affect coal operations entities through significant penalties, compliance costs, delays in production or higher costs related to mine closure.
More",Extractives & Minerals Processing,Coal Operations
Waste & Hazardous Materials Management,Waste Management,"The Coal Operations industry generates large volumes of mineral and non-mineral waste, including process refuse, liquid coal waste, and solid rock and clay waste, which may contain toxic elements such as mercury, arsenic or cadmium. Waste produced
during coal mining and processing operations can, depending on its type, be treated, discarded, or stored off- or on-site, in impoundments or disused mine pits. Improper disposal or storage of hazardous materials or mining waste can present significant long-term threats to human health and ecosystems through potential contamination of groundwater or surface water used for drinking or agriculture, posing operational and regulatory challenges for entities. Entities that reduce waste streams, effectively manage risks related to waste containing heavy metals and maintain rigorous hazardous waste disposal practices may reduce regulatory and litigation risks, remediation liabilities and operating costs.
More",Extractives & Minerals Processing,Coal Operations
Ecological Impacts,Biodiversity Impacts,"Coal operations can have a range of impacts on biodiversity. Surface mining and mountaintop removal can alter the landscape, removing vegetation and wildlife habitats. A particularly concerning effect of coal operations is acid rock drainage, in
which surface and shallow subsurface water encounters coal mining overburden, contaminating the water with heavy metals and rendering it highly acidic, with harmful effects on humans, animals and vegetation. Biodiversity impacts of coal operations can affect the valuation of reserves and create operational risks. Because of increasing interest in the protection of ecosystems, the environmental characteristics of the land where reserves are located may lead to higher extraction costs. Entities might also face regulatory or reputational barriers to accessing reserves in ecologically sensitive areas, such as new protection status afforded to areas where reserves are located. Coal operations entities face regulatory risks related to reclamation after a mine is decommissioned, in accordance with applicable regulatory requirements to restore mined property according to a prior, approved reclamation plan. Material costs may arise from removing or covering refuse piles, fulfilling water treatment obligations and dismantling infrastructure at decommissioning. Furthermore, coal operations are subject to laws protecting endangered species. Entities with an effective environmental management plan for each stage of the project lifecycle may minimise their compliance costs and legal liabilities, face less resistance in developing new mines, avert delays in project completion, and avoid difficulties in obtaining permits, accessing reserves and completing projects.
More",Extractives & Minerals Processing,Coal Operations
Human Rights & Community Relations,Rights of Indigenous Peoples,"Entities in the Coal Operations industry can operate and hold assets in areas occupied by indigenous peoples. Entities perceived as contributing to human rights violations or failing to account for indigenous peoples’ rights may be affected by
protests, riots or suspension of permits. These entities could face substantial costs related to compensation or settlement payments, and write-downs in the value of their reserves in such areas. In the absence of applicable jurisdictional laws or regulations to address such cases, several international instruments have emerged to provide guidelines for entities. These instruments include obtaining the free, prior and informed consent of indigenous peoples for decisions that affect them. Several countries have implemented specific laws protecting indigenous peoples’ rights, creating increasing regulatory risk for entities that violate those rights.
More",Extractives & Minerals Processing,Coal Operations
Human Rights & Community Relations,Community Relations,"Coal operations take place over many years and can have a wide range of adverse effects on communities. Community rights and interests may be affected by the environmental and social impacts of operations, air emissions, waste generation, wastewater
discharges and decommissioning activities. Entities often need support from local communities to obtain permits and leases and conduct their activities without disruptions. The expected value of reserves could be affected if the community interferes or lobbies its government to interfere with the rights of a coal entity to extract those reserves. In addition to community concerns about the direct impacts of projects, the presence of coal mining activities may create associated socioeconomic concerns related to education, health and livelihoods. Coal entities that engage in rent-seeking and exploiting a community’s resources without providing proportional socioeconomic benefits in return may be exposed to actions by host governments and communities that restrict their activities or impose additional costs. Entities in the extractives industries can adopt various community engagement strategies in their global operations to manage risks and opportunities associated with community rights and interests, such as integrating community engagement into each phase of the project cycle. Entities that adopt a ‘shared value’ approach may be able to provide significant socioeconomic benefits to communities and allow them to operate profitably.
More",Extractives & Minerals Processing,Coal Operations
Labour Practices,Labour Relations,"Working conditions related to coal operations are usually physically demanding and hazardous. Labour unions play an important role in representing workers’ interests and managing collective bargaining for better wages and working conditions. This
makes the management of labour relations critical, since conflict with workers can result in labour strikes and other disruptions that can delay or stop production, leading to lost revenue and reputational damage. Persistent labour disputes can adversely affect the long-term profitability of the entity.
More",Extractives & Minerals Processing,Coal Operations
Employee Health & Safety,Workforce Health & Safety,"Safety is critical to coal mining operations because of the hazardous working conditions involved. Fatalities and injuries can result from the many hazards associated with the industry, including accidents, cave-ins, explosions and flooding. Because
of these hazards, the industry is characterised by higher-than-average mortality and injury rates. Coal miners are also susceptible to long-term health risks such as chronic lung disease as well as mental health problems. Some jurisdictional health and safety laws protect coal mining workers and may provide compensation for work-related chronic illnesses that can impose additional costs on entities or result in regulatory penalties. An entity’s ability to protect employee health and safety, and to create a culture of safety and well-being among employees, may prevent accidents, mitigate costs, reduce operational downtime and enhance workforce productivity.
More",Extractives & Minerals Processing,Coal Operations
Business Model Resilience,Reserves Valuation & Capital Expenditures,"Coal entities may be unable to extract a significant proportion of their coal reserves if greenhouse gas (GHG) emissions are controlled to limit global temperature increases. Stewardship of capital resources while considering medium- to long-term
trends, particularly related to climate change mitigation actions, is critical to prevent asset impairment and maintain profitability and creditworthiness. Globally, regulations and policies are and may continue to be put into place to limit GHG emissions from coal-fired power plants—the customers of coal entities—thus reducing demand for and the price of coal. Coal demand also is being affected by regulations governing other harmful air emissions that apply to coal-fired power plants. An expansion of GHG-mitigation regulations may increase the magnitude of potential financial impacts in the medium to long term. Along with improved competitiveness of alternative energy technologies, these jurisdictional regulations and policies pose long-term risks for the reserves and capital investments of coal operations entities.
More",Extractives & Minerals Processing,Coal Operations
Critical Incident Risk Management,Tailings Storage Facilities Management,"Coal waste impoundments or fine coal refuse ponds, also called tailings storage facilities (TSFs), can leak and contaminate water supplies if mismanaged, potentially leading to adverse impacts on the environment and human health. These impacts may
carry financial implications such as regulatory penalties, compensation payments, and remediation or compliance obligations. Entities’ ability to reduce the number and size of fine coal refuse ponds and ensure the structural integrity of impoundments can minimise such impacts. A catastrophic failure of such facilities (for example, a dam failure) could still release significant volumes of waste and materials that are harmful to the environment, leading to severe impacts on ecosystems, human livelihood, and local economies and communities. Such catastrophic incidents may result in significant financial losses for entities and may impair their social licence to operate. Robust processes and approaches to tailings facility design, management, operation and closure, as well as appropriate management of associated risks, can help prevent such incidents from occurring. Entities that adopt robust practices to maintain the safety of TSFs may do so through ensuring accountability for tailings management at the highest levels of the entity, conducting frequent internal and external independent technical reviews of TSFs, and ensuring mitigation measures are implemented in a timely manner in case of a safety concern. Additionally, a strong safety culture and well-established emergency preparedness and response plans can mitigate the impacts and financial implications of such events. Entity obligations related to long-term remediation and compensation for damages may result in additional financial effects in case of failure. An entity’s ability to meet such obligations after an incident has occurred is an additional component of emergency preparedness.
More",Extractives & Minerals Processing,Coal Operations
GHG Emissions,Greenhouse Gas Emissions,"The production of construction materials, particularly cement, generates significant direct greenhouse gas (GHG) emissions from on-site fuel combustion and chemical processes. The industry has achieved efficiency gains in reducing emissions per tonne
of materials produced. At the same time, increasing production is associated with increasing absolute emissions from cement production. The production of construction materials remains carbon-intensive relative to other industries, exposing the industry to higher operating and capital expenditures from emissions regulations. Strategies to reduce GHG emissions include energy efficiency, use of alternative and renewable fuels, carbon sequestration and clinker substitution. Operational efficiencies can be achieved through the cost-effective reduction of GHG emissions. Such efficiencies can mitigate the potential financial impact of increased fuel costs as well as direct emissions from regulations that limit—or put a price on—GHG emissions.
More",Extractives & Minerals Processing,Construction Materials
Air Quality,Air Quality,"On-site fuel combustion and production processes in the Construction Materials industry emit criteria air pollutants and hazardous chemicals, including small quantities of organic compounds and heavy metals. Emissions of particular concern include
nitrogen oxides, sulphur dioxides, particulate matter, heavy metals (for example, mercury), dioxins and volatile organic compounds, among others. These air emissions can have significant, localised human health and environmental impacts. Financial impacts resulting from air emissions will vary depending on the specific location of operations and the applicable air emissions regulations, but they could include higher operating or capital expenditures and regulatory or legal penalties. Active management of the issue—through technological and process improvements—may allow entities to limit the impact of regulations and benefit from operational efficiencies that could lead to a lower cost structure over time.
More",Extractives & Minerals Processing,Construction Materials
Energy Management,Energy Management,"The production of construction materials requires significant energy, sourced primarily from direct fossil fuel combustion as well as from purchased electricity. Energy-intense production has implications for climate change, and electricity purchases
from the grid can create indirect Scope 2 emissions. Construction materials entities also use alternative fuels for kilns, such as scrap tyres and waste oil—often waste generated by other industries. If properly managed, these can lower energy costs and greenhouse gas (GHG) emissions. However, potentially negative impacts could occur, such as releases of harmful air pollutants that entities need to minimise to obtain net benefits from using such fuels. Decisions about use of alternative fuels, renewable energy and on-site generation of electricity (versus purchases from the grid) can be important in influencing both the costs and reliability of energy supply. Affordable, easily accessible and reliable energy is an important competitive factor in this industry, with purchased fuels and electricity accounting for a significant proportion of total production costs. How a construction materials entity manages energy efficiency, reliance on different types of energy and associated sustainability risks, and access to alternative sources of energy may influence its profitability.
More",Extractives & Minerals Processing,Construction Materials
Water & Wastewater Management,Water Management,"Construction materials production requires substantial volumes of water. Entities face operational, regulatory and reputational risks associated with water scarcity, costs of water acquisition, regulations on effluents or amount of water used, and
competition with local communities and other industries for limited water resources. Risks are likely to be higher in regions of water scarcity because of potential water availability constraints and price volatility. Entities unable to secure a stable water supply could face production disruptions, while rising water prices could directly increase production costs. Consequently, the adoption of technologies and processes that reduce water consumption could lower operating risks and costs for entities by minimising the impact of regulations, water supply shortages and community-related disruptions on entity operations.
More",Extractives & Minerals Processing,Construction Materials
Waste & Hazardous Materials Management,Waste Management,"Construction materials production recycling rates are high. However, waste from production processes, pollution control devices and from hazardous waste management activities present a regulatory risk and can increase operating costs. Cement kiln
dust (CKD)—consisting of fine-grained, solid, highly alkaline waste removed from cement kiln exhaust gas by air pollution control devices—is the most significant waste category in the industry. Regulatory risk remains high from evolving environmental laws. Entities that reduce waste streams—hazardous waste streams in particular—and recycle by-products, can reduce regulatory and litigation risks and costs.
More",Extractives & Minerals Processing,Construction Materials
Ecological Impacts,Biodiversity Impacts,"Construction materials entities often operate their own quarries close to processing facilities. Quarrying requires the removal of vegetation and topsoil. It also requires the blasting and crushing of underlying stone deposits. The process can result
in permanent landscape alterations, with associated biodiversity impacts. Because of an increasing awareness and protection of ecosystems, the environmental characteristics of the land where quarrying takes place could increase extraction costs. Entities could also face regulatory or reputational barriers to accessing sites in ecologically sensitive areas. This may include new protection status afforded to areas where reserves are located. Quarrying operations also may be subject to laws protecting endangered species. Entities that have an effective environmental management plan for each stage of the project lifecycle—including restoration during site decommissioning—could minimise their compliance costs and legal liabilities. These entities may face less community resistance in quarrying at new sites and avoid difficulties in obtaining permits and delays in project completion.
More",Extractives & Minerals Processing,Construction Materials
Employee Health & Safety,Workforce Health & Safety,"Employees and contractors of construction materials entities face significant health and safety risks. Industry hazards include those arising from heavy equipment use and quarrying operations. In addition to acute impacts, workers can develop chronic
health conditions from silica dust inhalation, among other factors. Because of these hazards, the industry has relatively high mortality rates, and many entities have implemented a strong safety culture and health and safety policies to mitigate associated risks. Worker injuries, illnesses and fatalities can result in regulatory penalties, negative publicity, low worker morale and productivity, and increased health care and compensation costs.
More",Extractives & Minerals Processing,Construction Materials
Product Design & Lifecycle Management,Product Innovation,"Innovations in building materials are an essential component in the growth of sustainable construction. Consumer and regulatory trends are driving adoption of sustainable building materials and processes that are more resource efficient and can
reduce health impacts of buildings throughout their lifecycle. This is creating new business drivers for construction materials entities, with an opportunity to increase revenue. Furthermore, some new products require less energy to produce, or use largely recycled inputs, reducing production costs. Therefore, sustainable construction materials can contribute to an entity’s long-term growth and competitiveness.
More",Extractives & Minerals Processing,Construction Materials
Competitive Behaviour,Pricing Integrity & Transparency,"The construction materials market has been subject to instances of anti-competitive behaviour, such as artificially high prices maintained through cartel activity. Most countries have well-established fair business practice laws to prevent such
behaviour. Business activity leading to price fixing or other manipulation of prices can result in material legal fines or business disruption. Managing anti-competitive behaviour within an organisation can effectively mitigate regulatory risks, including those related to investigations of mergers and acquisitions or compliance costs.
More",Extractives & Minerals Processing,Construction Materials
GHG Emissions,Greenhouse Gas Emissions,"Iron and steel production generates significant direct greenhouse gas (GHG) emissions, primarily carbon dioxide and methane, from production processes and on-site fuel combustion. Although technological improvements have reduced the GHG emissions per
tonne of steel produced, steel production remains carbon-intensive compared to other industries. Regulatory efforts to reduce GHG emissions in response to the risks posed by climate change may result in additional regulatory compliance costs and risks for iron and steel entities because of climate change mitigation policies. Entities can achieve operational efficiencies through the cost-effective reduction of GHG emissions. Capturing such efficiencies can mitigate the potential financial effects of increased fuel costs from regulations that limit—or put a price on—GHG emissions.
More",Extractives & Minerals Processing,Iron & Steel Producers
Air Quality,Air Quality,"Iron and steel production typically generates criteria air pollutants, volatile organic compounds (VOCs) and hazardous air pollutants, which can have significant localised public health impacts. Of particular concern are sulphur oxides, nitrogen
dioxide, lead, carbon monoxide and manganese, as well as particles such as soot and dust, released during production. Technological innovation and continuous improvements in steel-making processes have reduced air pollutants significantly from the Iron & Steel Producers industry. However, air pollutants remain a concern because of increased regulatory and public concern about air pollution, as well as expansion of steel production in emerging markets. In emerging markets, regulatory efforts to curb air pollution may constrain iron and steel production. Active management of facility emissions through industry best practices implementation across global operations can facilitate the transition to sustainable steel production, reducing costs and potentially enhancing operational efficiency.
More",Extractives & Minerals Processing,Iron & Steel Producers
Energy Management,Energy Management,"The production of steel requires significant energy, sourced primarily from the direct fossil fuel combustion as well as energy purchased from the grid. Energy-intense production has implications for climate change, and electricity purchases from the
grid can result in indirect Scope 2 emissions. The choice between various production processes—electric arc furnaces and integrated basic oxygen furnaces—can influence whether an entity uses fossil fuels or purchases electricity. This decision, together with the choice between using coal versus natural gas or on-site versus grid-sourced electricity, may influence both the costs and reliability of energy supply. Affordable, easily accessible and reliable energy is an important industry competitive factor. Energy costs account for a substantial portion of iron and steel manufacturing costs. How an iron and steel entity manages its energy efficiency, its reliance on various types of energy and associated sustainability risks, and its ability to access alternative sources of energy can influence its profitability.
More",Extractives & Minerals Processing,Iron & Steel Producers
Water & Wastewater Management,Water Management,"Steel production requires substantial volumes of water. Entities face increasing operational, regulatory and reputational risks associated with water scarcity, costs of water acquisition, regulations on effluents or amount of water used, and
competition with local communities and other industries for limited water resources. These risks are particularly likely to affect regions where water is scarce, resulting in water availability constraints and price volatility. Entities unable to secure a stable water supply could face production disruptions, while rising water prices could directly increase production costs. Consequently, entities adopting technologies and processes to decrease reduce water consumption may reduce operating risks and costs by mitigating the operational impacts of regulatory changes, water supply shortages and community-related disruptions.
More",Extractives & Minerals Processing,Iron & Steel Producers
Waste & Hazardous Materials Management,Waste Management,"Although waste reclamation rates in steel production are high, the industry generates significant quantities of hazardous wastes. Slag, dusts and sludges constitute the three main industry waste types. These by-products often are recycled internally
or sold to other industries. However, process wastes such as electric arc furnace dust, which may be regulated as a hazardous material because of its heavy metal content, can have significant environmental and human health impacts, present a regulatory risk, and result in additional operating costs for entities. Risks related to the long-term impacts of waste disposal may result in significant costs, including those associated with monitoring and managing contaminated off-site disposal properties, for which jurisdictional authorities may hold iron and steel producers responsible for remediation and restoration activities. Entities that reduce waste streams, hazardous waste streams in particular, and recycle or sell non-hazardous by-products, could mitigate regulatory risks and reduce costs while increasing revenues.
More",Extractives & Minerals Processing,Iron & Steel Producers
Employee Health & Safety,Workforce Health & Safety,"Iron and steel production processes can present significant risks to employees and contractors working in iron and steel plants. Given the high temperatures and heavy machinery involved, worker injuries and fatalities are a matter of serious concern
to iron and steel producers. Given the hazardous work environment, the industry has relatively high fatality rates requiring a strong safety culture and comprehensive health and safety policies. Although accident rates in the industry are in decline, worker injuries and fatalities can result in regulatory penalties, negative publicity, low worker morale and productivity, and increased healthcare and compensation costs.
More",Extractives & Minerals Processing,Iron & Steel Producers
Supply Chain Management,Supply Chain Management,"Iron ore and coal are critical raw material inputs to the steel production process. Iron ore mining and coal production are resource-intensive processes. Mineral extraction often has substantial environmental and social impacts adversely affecting
local communities, workers and ecosystems. Community protests, legal or regulatory action, or increased regulatory compliance costs or penalties can disrupt mining operations. Iron and steel entities could face supply disruptions as a result, or in some cases, also may be subject to regulatory penalties associated with the environmental or social impact of the mining entity supplier. Minimising such risks through appropriate supplier screening, monitoring and engagement, iron and steel producers may manage their direct critical raw materials suppliers proactively to ensure they are not engaged in illegal or otherwise environmentally or socially damaging practices.
More",Extractives & Minerals Processing,Iron & Steel Producers
GHG Emissions,Greenhouse Gas Emissions,"Mining operations are energy-intensive and generate significant direct greenhouse gas (GHG) emissions, including carbon dioxide from fuel use during mining, ore processing and smelting activities. The extent and type of GHG emissions can vary
depending on the metal mined and processed. Regulatory efforts to reduce GHG emissions in response to climate change- related risks may result in additional regulatory compliance costs and risks for metals and mining entities. Entities can achieve operational efficiencies through the cost-effective reduction of GHG emissions. Such efficiencies can mitigate the potential financial effect of increased fuel costs from regulations to limit—or put a price on—GHG emissions.
More",Extractives & Minerals Processing,Metals & Mining
Air Quality,Air Quality,"Non-greenhouse gas (GHG) air emissions from the Metals & Mining industry include hazardous air pollutants from smelting and refining activities. These air pollutants can create significant and localised environmental or health risks. Depending on the
metal, uncaptured sulphur dioxide, lead, mercury, cadmium and arsenic are among the chief pollutants, along with particulate matter. Financial effects resulting from air emissions will vary depending on the specific location of operations and the applicable air emissions regulations. Active management of the issue—through technological and process improvements—could allow entities to limit the effects of increasingly stringent air quality regulations globally. Entities could also benefit from operational efficiencies that could lead to a lower cost structure over time.
More",Extractives & Minerals Processing,Metals & Mining
Energy Management,Energy Management,"Mining and metals production is often energy-intensive, with a significant proportion of energy consumption in the industry accounted for by purchased electricity. Although fuel combustion on-site contributes to the industry’s direct (Scope 1) GHG
emissions, electricity purchases from the grid can result in indirect, Scope 2 emissions. The energy intensity of operations may increase with decreasing grades of deposits and increasing depth and scale of mining operations. The choice between on-site versus grid-sourced electricity and the use of alternative energy can be important in influencing both the costs and reliability of energy supply. Affordable and easily accessible energy is an important competitive factor in a commodity market driven by global competition, and purchased fuels and electricity can account for a significant proportion of total production costs. The way in which an entity manages its overall energy efficiency and intensity, its reliance on different types of energy, and its ability to access alternative sources of energy, can therefore be a material factor.
More",Extractives & Minerals Processing,Metals & Mining
Water & Wastewater Management,Water Management,"Mining and metals production can affect both the availability and the quality of local water resources. Metals and mining entities face operational, regulatory and reputational risks because of water scarcity, costs of water acquisition, regulations
on effluents or the amount of water used, and competition with local communities and other industries for limited water resources. Effects associated with water management may include higher costs, liabilities and lost revenues because of curtailment or suspension of operations. The severity of these risks may vary depending on the region’s water availability and the regulatory environment. Entities in the industry may deploy new technologies to manage risks related to water risk, including desalination, water recirculation and innovative waste-disposal solutions. Reducing water use and contamination can create operational efficiencies for entities and reduce their operating costs.
More",Extractives & Minerals Processing,Metals & Mining
Waste & Hazardous Materials Management,Waste & Hazardous Materials Management,"The Metals & Mining industry generates large volumes of non-mineral and mineral wastes, including waste rock, tailings, slurries, slags, sludges, smelting and industrial wastes, some of which may contain toxic, hazardous or chemically reactive
substances. Mineral processing sometimes also requires the use of hazardous materials for metal extraction. Waste produced during mining operations, depending on its type, can be treated, discarded, or stored in on- or off-site impoundments or old mining pits. Improper hazardous materials storage or disposal can present a significant long-term threat to human health and ecosystems through potential contamination of groundwater or surface water used for drinking or agriculture purposes. Entities that reduce waste streams while implementing policies to manage risks related to handling hazardous materials may reduce regulatory and litigation risks, remediation liabilities and costs.
More",Extractives & Minerals Processing,Metals & Mining
Ecological Impacts,Biodiversity Impacts,"The development, operation, closure and remediation of mines can have a range of impacts on biodiversity, such as alterations of landscape, vegetation removal and impacts on wildlife habitats. A particularly concerning effect of coal operations is
acid rock drainage, in which surface and shallow subsurface water encounters coal mining overburden, contaminating the water with heavy metals and rendering it highly acidic, with harmful effects on humans, animals and vegetation. Biodiversity impacts of mining operations can affect the valuation of reserves and create operational risks. Because of increasing interest in the protection of ecosystems, the environmental characteristics of the land where reserves are located may lead to higher extraction costs. Entities might also face regulatory or reputational barriers to accessing reserves in areas with protected conservation status. Metals and mining entities face regulatory risks related to site reclamation after a mine is decommissioned, in accordance with applicable regulatory requirements to restore mined property according to a previously approved reclamation plan. Material costs may arise from removing or covering refuse piles, meeting water treatment obligations and dismantling infrastructure at the end of life. Furthermore, mining operations are subject to laws protecting endangered species. Entities with an effective environmental management plan for each stage of the project lifecycle may minimise their compliance costs and legal liabilities, face less resistance in developing new mines, and avoid difficulties in obtaining permits, accessing reserves and completing projects.
More",Extractives & Minerals Processing,Metals & Mining
Human Rights & Community Relations,"Security, Human Rights & Rights of Indigenous Peoples","Metals and mining entities face additional community-related risks when operating in conflict zones and in areas with weak or absent governance institutions, rule of law or legislation to protect human rights; or in areas with vulnerable communities
such as indigenous peoples. Entities using private or government security forces to protect their workers and assets may knowingly, or unknowingly, contribute to human rights violations, including the use of excessive force. Entities perceived as contributing to human rights violations or failing to account for indigenous peoples’ rights may be affected by protests, riots or suspension of permits. These entities could face substantial costs related to compensation or settlement payments, and write-downs in the value of their reserves in such areas. In the absence of applicable jurisdictional laws or regulations to address such cases, several international instruments have emerged to provide guidelines for entities. These instruments include obtaining the free, prior and informed consent of indigenous peoples for decisions that affect them. Several countries have implemented specific laws protecting indigenous peoples’ rights, increasing the regulatory risk for entities that violate those rights.
More",Extractives & Minerals Processing,Metals & Mining
Human Rights & Community Relations,Community Relations,"Mining facilities are frequently active over long periods and can have a wide range of adverse effects on communities. Community rights and interests may be affected through environmental and social impacts of mining operations, such as competition
for access to local energy or water resources, air and water emissions, and waste from operations. Mining entities rely upon support from local communities to obtain permits and leases as well as to conduct activities without disruptions. Entities may experience adverse financial effects if the community interferes, or lobbies government to interfere, with the rights of a mining entity in relation to their ability to access, develop and produce reserves. In addition to community concerns about the direct impacts of projects, the presence of mining activities may give rise to associated socio-economic concerns, such as education, health, livelihoods and food security for the community. Metals and mining entities engaging in rent-seeking and exploiting a community’s resources without providing proportional socio-economic benefits in return may be exposed to actions by host governments and communities that restrict their activities or impose additional costs. These could include imposition of ad hoc taxes and export restrictions. Entities can adopt various community engagement strategies in their global operations to manage risks and opportunities associated with community rights and interests. Strategies are often underpinned by community engagement integrated into the project cycle. Entities are beginning to adopt a ‘shared value’ approach to provide significant socio-economic benefits to communities and allow them to operate profitably.
More",Extractives & Minerals Processing,Metals & Mining
Labour Practices,Labour Practices,"Working conditions related to metal and mining operations may be physically demanding and hazardous. Labour unions play an important role in representing workers’ interests and managing collective bargaining for better wages and working
conditions. At the same time, metals and mining entities often operate in areas where worker rights are inadequately protected. The nuances of worker concerns make management of labour relations critical for metals and mining entities. Conflict with workers can result in labour strikes and other disruptions that can delay or stop production. Work stoppages frequently result in lost revenue and reputational damage. Persistent labour disputes can adversely affect the long-term profitability of mining entities.
More",Extractives & Minerals Processing,Metals & Mining
Employee Health & Safety,Workforce Health & Safety,"Safety is critical to mining operations because of the hazardous working conditions involved. The Metals & Mining industry has relatively high fatality rates compared to other industries. Fatalities and injuries can result from the many hazards
associated with the industry, including working with powered haulage and machinery, as well as mine integrity. Poor health and safety records can result in fines and penalties, and an increase in regulatory compliance costs resulting from more stringent oversight. An entity’s ability to protect employee health and safety, and to create a culture of safety and well-being among employees at all levels, may prevent accidents, mitigate costs, reduce operational downtime and enhance workforce productivity.
More",Extractives & Minerals Processing,Metals & Mining
Business Ethics,Business Ethics & Transparency,"Managing business ethics and maintaining an appropriate level of transparency in payments to governments or individuals are significant issues for the mining industry. This is because government relations are important to entities’ conducting
business in this industry to gain access to mining reserves. Anti-corruption, anti-bribery, and payments-transparency laws and initiatives create regulatory mechanisms to reduce the risk of misconduct. Violations of these laws could result in significant one-time costs or higher compliance costs, whereas successful compliance with such regulations could avoid adverse outcomes. Entities with significant reserves or operations in corruption-prone countries could face heightened risks. Entities must ensure their governance structures and business practices reduce the risks associated with corruption and wilful or unintentional participation in illegal or unethical payments, or with gifts to government officials or private individuals.
More",Extractives & Minerals Processing,Metals & Mining
Critical Incident Risk Management,Tailings Storage Facilities Management,"The Metals & Mining industry faces significant operational hazards, particularly those associated with the structural integrity of tailings storage facilities (TSFs). A catastrophic failure of such facilities (for example, a dam failure) can release
significant volumes of waste streams and potentially harmful materials into the environment, leading to significant impacts on ecosystems, human livelihood, local economies and communities. Such catastrophic incidents may result in significant financial losses for entities and may impair social licence to operate. Robust approaches to tailings facilities design, management, operation and closure, as well as appropriate management of associated risks, can help prevent such incidents from occurring. Entities that adopt comprehensive practices to maintain the integrity and safety of TSFs may do so through ensuring accountability for tailings management at the highest levels of the entity, conducting frequent internal and external independent technical reviews of TSFs and ensuring mitigation measures are implemented in a timely manner in case of a safety concern. Additionally, a strong safety culture and well-established emergency preparedness and response plans can mitigate the impacts and financial implications of such events should they occur. Entity obligations related to long-term remediation and compensation for damages may result in additional financial effects in case of failure. The ability of entities to meet such obligations after an incident has occurred is an additional component of emergency preparedness.
More",Extractives & Minerals Processing,Metals & Mining
GHG Emissions,Greenhouse Gas Emissions,"Exploration & Production (E&P) activities generate significant direct greenhouse gas (GHG) emissions from a variety of sources. Emissions may be combusted, including those arising from flaring or power generation equipment, or uncombusted, including
those emissions arising from gas processing equipment, venting, flaring and fugitive methane. Regulatory efforts to reduce GHG emissions in response to climate change related risks may result in additional regulatory compliance costs and risks for E&P entities. With natural gas production from shale resources expanding, the management of the emission of methane, a highly potent GHG, from oil and gas E&P systems has emerged as a major operational, reputational and regulatory risk for entities. Furthermore, the development of unconventional hydrocarbon resources may be more or less GHG-intensive than conventional oil and gas, with associated effects on regulatory risk. Energy efficiency, use of less carbon-intensive fuels, or process improvements to reduce fugitive emissions, venting and flaring, can provide direct benefits to E&P entities in the form of reduced costs or increased revenue.
More",Extractives & Minerals Processing,Oil & Gas – Exploration & Production
Air Quality,Air Quality,"Air emissions from Exploration & Production (E&P) operations other than greenhouse gas emissions include air pollutants and volatile organic compounds (VOCs), which can create significant and localised environmental or health risks. Of particular
concern are sulphur dioxide, nitrogen dioxide and VOC emissions. The financial consequences entities face from air emissions vary depending on the specific locations of operations and the prevailing air emissions regulations. Impacts on human health may be exacerbated if E&P operations breach air emissions limits close to population centres. Amid increasing regulatory and public concerns about air quality, active air quality management through technological and process improvements could allow entities to mitigate adverse financial effects of regulations. Entities could benefit from operational efficiencies that may result in a lower cost structure over time.
More",Extractives & Minerals Processing,Oil & Gas – Exploration & Production
Water & Wastewater Management,Water Management,"Depending on the extraction technique, exploration and production operations may consume significant quantities of water, which may expose entities to the risk of reduced water availability, regulations limiting use, or related cost
increases, particularly in water-stressed regions. Contamination of local water resources can result from incidents involving produced water, flowback water, hydraulic fracturing fluids and other well fluids. Historically, the possible impacts of hydraulic fracturing operations and the risk of groundwater supply contamination have raised concerns. Reducing water use and contamination through recycling, other water management strategies, and use of non-toxic fracturing fluids could create operational efficiency for entities and reduce their operating costs. Such strategies could also minimise the effects that regulations, water supply shortages and community-related disruptions have on operations.
More",Extractives & Minerals Processing,Oil & Gas – Exploration & Production
Ecological Impacts,Biodiversity Impacts,"The Exploration & Production (E&P) industry’s activities can have significant impacts on biodiversity. Examples include habitat loss and alteration through land use for exploration, production, disposal of drilling and associated wastes, and
decommissioning of onshore and offshore wells. Oil spills and leaks are a threat to species and habitats affected by hydrocarbon contamination. Biodiversity impacts of E&P operations can affect the valuation of oil and gas reserves and create operational risks. Because of increasing protection of ecosystems through popular consensus and legislation, the environmental characteristics of the land where reserves are located may lead to higher, or even prohibitive extraction costs. Entities could also face regulatory or reputational barriers to accessing reserves in ecologically sensitive areas. This may include new protection statuses afforded to areas where reserves are located. Examples of such areas include the Arctic and shorelines with mangroves and swamps, which are not only extremely ecologically sensitive, but also entail more complex and expensive clean-up operations for hydrocarbon spills or leaks. Depreciation in the future value of reserves may be mitigated by considering the proximity of reserves in or near protected areas as part of the decision-making process. Entities with a good reputation for minimising biodiversity impacts could gain a competitive advantage in accessing new reserves in or near protected areas. Ongoing E&P operations could be at risk in the absence of effective environmental management plans for various stages of the project lifecycle because of regulatory penalties, litigation, community protests and associated costs.
More",Extractives & Minerals Processing,Oil & Gas – Exploration & Production
Human Rights & Community Relations,"Security, Human Rights & Rights of Indigenous Peoples","Exploration & Production (E&P) entities face additional community-related risks when operating in conflict zones; in areas with weak or absent governance institutions, rule of law, or legislation to protect human rights; or in areas with vulnerable
communities such as indigenous peoples. Entities using private or government security forces to protect their workers and assets may knowingly or unknowingly contribute to human rights violations, including the use of excessive force. Entities perceived as contributing to human rights violations or failing to account for indigenous peoples’ rights may be affected by protests, riots or suspension of permits. These entities could face substantial costs related to compensation or settlement payments, and write-downs in the value of their reserves in such areas. In the absence of applicable jurisdictional laws or regulations to address such cases, several international instruments have emerged to provide guidelines for entities. These instruments include obtaining the free, prior and informed consent of indigenous peoples for decisions that affect them. Several countries have implemented specific laws protecting indigenous peoples’ rights, creating increasing regulatory risk for entities that violate those rights.
More",Extractives & Minerals Processing,Oil & Gas – Exploration & Production
Human Rights & Community Relations,Community Relations,"Exploration & Production (E&P) activities take place over many years and can have a wide range of adverse effects on communities. Community rights and interests may be affected by the environmental and social impacts of E&P operations, such as
competition for access to local energy or water resources, air and water emissions, and waste. Entities frequently need support from local communities to obtain permits and leases and conduct their activities without disruptions. Entities may experience adverse financial impacts if the community interferes, or lobbies its government to interfere, with the rights of an E&P entity in relation to their ability to access, develop and produce reserves. In addition to community concerns about the direct impacts of projects, the presence of E&P activities may create associated socioeconomic concerns related to education, health, livelihoods and food security for the community. E&P entities engaging in rent-seeking and exploiting a community’s resources without providing proportional socioeconomic benefits in return may be exposed to actions by host governments and communities that restrict their activities or impose additional costs. These could include imposition of ad hoc taxes and export restrictions. These risks vary depending on the country and could be higher in countries heavily reliant on oil and gas for their economic growth. Entities in the extractives industries can adopt various community engagement strategies in their global operations to manage risks and opportunities associated with community rights and interests, such as integrating community engagement into each phase of the project cycle. Entities are beginning to adopt a ‘shared value’ approach to provide significant socioeconomic benefits to communities and allow them to operate profitably.
More",Extractives & Minerals Processing,Oil & Gas – Exploration & Production
Employee Health & Safety,Workforce Health & Safety,"Workers involved in Exploration & Production (E&P) activities face significant health and safety risks because of the harsh working environments and the hazards of handling oil and gas. In addition to acute harms resulting from accidents, workers may
develop chronic health conditions, including those caused by silica or dust inhalation, as well as mental health problems. A significant proportion of the workforce at oil and gas drilling sites consists of temporary workers and employees of oil and gas service entities. An entity’s ability to protect employee health and safety, and to create a culture of safety and well-being among all employees, may prevent accidents, mitigate costs, reduce operational downtime and enhance workforce productivity. Additional health and safety protocols may be needed to protect groups such as women and minorities in regions where they continue to face discrimination.
More",Extractives & Minerals Processing,Oil & Gas – Exploration & Production
Business Model Resilience,Reserves Valuation & Capital Expenditures,"Exploration and production (E&P) entities may be unable to extract a significant proportion of their proved and probable oil and gas reserves if greenhouse gas (GHG) emissions are controlled to limit global temperature increases. Entities with more
carbon-intensive reserves and production and higher capital costs may face greater risks. Regulatory limits on GHG emissions, together with improved competitiveness of alternative energy technologies, could reduce global demand growth, and therefore reduce prices for oil and gas products. Extraction costs could increase with regulations that put a price on GHG emissions. These factors could affect the economic viability of oil and gas reserves. Regulatory actions that are more abrupt than anticipated, or those focusing on industries with high emissions, could impair asset values over a short period. Stewardship of capital resources and production decisions that consider near- and long-term trends related to climate change may mitigate potential asset impairment and maintain profitability and creditworthiness.
More",Extractives & Minerals Processing,Oil & Gas – Exploration & Production
Business Ethics,Business Ethics & Transparency,"Managing business ethics and maintaining an appropriate level of transparency in payments to governments or individuals are significant issues for Exploration & Production (E&P) entities. Relationships with governments are especially important to
entities in the E&P industry since entities compete for access to oil and gas reserves. Anti-corruption, anti-bribery, and payments transparency laws and initiatives globally create regulatory mechanisms to reduce the risk of misconduct. Violations of these could result in significant one-time costs or higher compliance costs, whereas successful compliance with such regulations could avoid adverse outcomes. Enforcement of these laws could affect an entity’s social licence to operate. Entities with significant reserves or operations in corruption-prone countries could face increased risks. Entities must ensure their governance structures and business practices reduce the risks associated with corruption and wilful or unintentional participation in illegal or unethical payments, or with gifts to government officials or private individuals.
More",Extractives & Minerals Processing,Oil & Gas – Exploration & Production
Management of the Legal & Regulatory Environment,Management of the Legal & Regulatory Environment,"The Exploration & Production (E&P) industry is subject to numerous sustainability-related regulations and a rapidly changing regulatory environment. Entities in the industry regularly participate in the regulatory and legislative process on a wide
variety of environmental and societal issues, and they may do so directly or through representation by an industry association. Entities may participate in these processes to ensure industry views are represented in the development of regulations affecting the industry, as well as to represent shareholder interests. However, such attempts to influence environmental laws and regulations may have an adverse effect on entities’ reputations with stakeholders and ultimately affect the entity’s social licence to operate. Entities that can balance these tensions may be better positioned to respond to medium-to-long-term regulatory developments.
More",Extractives & Minerals Processing,Oil & Gas – Exploration & Production
Critical Incident Risk Management,Critical Incident Risk Management,"The Exploration & Production (E&P) industry faces significant hazards associated with exploration, development and production activities. Accidental releases of hydrocarbons or other hazardous substances can also have significant consequences for an
entity’s workforce, as well as negative social and environmental externalities. In addition to effective process safety management practices, many entities prioritise developing a culture of safety to reduce the probability of accidents and other health and safety incidents. If accidents and other emergencies do occur, entities with a strong safety culture are often able to detect and respond to such incidents more effectively. A culture that engages and empowers employees and contractors to work with management to safeguard their own health, safety and well-being and prevent accidents may help entities reduce production downtime, mitigate costs, ensure workforce productivity and maintain their licence to operate.
More",Extractives & Minerals Processing,Oil & Gas – Exploration & Production
GHG Emissions,Greenhouse Gas Emissions,"The Midstream industry generates significant greenhouse gases and other air emissions from compressor engine exhausts, oil and condensate tank vents, natural gas processing, and fugitive emissions, in addition to emissions from mobile sources. GHG
emissions contribute to climate change and create incremental regulatory compliance costs and risks for Midstream entities. At the same time, the management of methane fugitive emissions has emerged as a significant operational, reputational and regulatory risk. Financial effects on entities will vary depending on the specific location of operations and prevailing emissions regulations, and they include increased operating or capital expenditures and regulatory or legal penalties. Entities that capture and monetise emissions, or cost-effectively reduce emissions by implementing innovative monitoring and mitigation efforts and fuel efficiency measures, may enjoy substantial financial benefits. Entities can reduce regulatory risks and realise operational efficiencies as regulatory and public concerns about air quality and climate change increase.
More",Extractives & Minerals Processing,Oil & Gas – Midstream
Air Quality,Air Quality,"Air emissions from Oil & Gas – Midstream entities include air pollutants, which can create significant and localised environmental or health risks. Of particular concern are sulphur dioxide, nitrogen dioxide and volatile organic compound
(VOC) emissions. The financial consequences entities face from air emissions vary depending on the specific locations of operations and the prevailing air emissions regulations. Amid increasing regulatory and public concerns about air quality, active air quality management through technological and process improvements could allow entities to mitigate the adverse financial effects of regulations. Entities could benefit from operational efficiencies that may result in a lower cost structure over time.
More",Extractives & Minerals Processing,Oil & Gas – Midstream
Ecological Impacts,Ecological Impacts,"The storage and transport of crude oil, natural gas and related products through a vast system of maritime transportation vehicles, pipelines, trains and trucks presents considerable risks to the environment and local communities. Leaks, accidental
discharges, pipeline rights-of-way and open easements over ecologically sensitive land could negatively impact ecosystems in several ways, including natural habitat loss and changes in species movement. To protect endangered species and ecologically sensitive areas, jurisdictional legal and regulatory authorities may require development and decommissioning plans that mitigate or remediate potential ecological impacts prior to project approval. Together with regulatory compliance costs, these plans may require significant capital and operational expenditures. As concerns over ecological impacts increase, greenfield and existing developed sites may be designated as protected areas under new laws or the enforcement of existing laws. Entities that effectively manage ecological impacts may avoid project delays, remediation and litigation liabilities, and could gain easier access to new projects and sources of revenue.
More",Extractives & Minerals Processing,Oil & Gas – Midstream
Competitive Behaviour,Competitive Behaviour,"Entities that own natural gas pipelines and storage facilities face numerous and constantly changing regulations in all aspects of their operations, including the rates charged, common carrier access and new facility siting and construction. Many
pipelines and terminals enjoy natural monopolies, and regulations ensure that entities do not abuse this position through unfair pricing, discriminatory service or by other means. Because of concerns about the effects of oil and gas market distortions on consumers and businesses, market manipulation regulations could also affect entities in the Midstream industry. Prospective rate changes, compensation payments or regulatory penalties for violating regulations governing competitive behaviour may adversely affect entities. Midstream entities face uncertainty regarding their ability to change the rates charged, which could affect their ability to recover higher costs.
More",Extractives & Minerals Processing,Oil & Gas – Midstream
Critical Incident Risk Management,"Operational Safety, Emergency Preparedness & Response","Entities in the Oil & Gas – Midstream industry operate a vast network of assets at risk of spills and accidents. Any incident that results in unintended hydrocarbon releases could have severe impacts on the environment, employees and local
communities. Because of these concerns, applicable jurisdictional legal and regulatory authorities may implement new safety regulations related to pipeline and rail operations. Significant events may result in large one-time costs from fines and corrective actions, and contingent liabilities for remediation or legal damages. These factors also could impair an entity’s social licence to operate. As demonstrated by investigations of past incidents, an entity that develops a strong safety culture and establishes a thorough and systematic approach to safety and risk management may minimise such risks. This includes emergency preparedness and response and operational integrity within the entity and in its external relationships with contractors.
More",Extractives & Minerals Processing,Oil & Gas – Midstream
GHG Emissions,Greenhouse Gas Emissions,"Refining & Marketing (R&M) operations generate significant direct greenhouse gas (GHG) emissions from a variety of sources. Emissions primarily consist of carbon dioxide and methane from stationary fossil fuel combustion for energy supply. Energy
costs are a significant share of refinery operating costs. GHGs also are released from process emissions, fugitive emissions resulting from leaks, emissions from venting and flaring, and from non-routine events such as equipment maintenance. The energy intensity of production, and therefore the GHG emissions intensity, can vary significantly depending on the type of crude oil feedstock used and refined product specifications. Entities that cost-effectively reduce GHG emissions from their operations may capture operational efficiencies. Such reductions also may mitigate the effects of increased fuel costs from regulations that limit—or put a price on—GHG emissions.
More",Extractives & Minerals Processing,Oil & Gas – Refining & Marketing
Air Quality,Air Quality,"Non-greenhouse gas (GHG) air emissions from Refining & Marketing (R&M) operations include air pollutants, which can create significant and localised environmental or health risks. Specific emissions of concern include sulphur dioxide, nitrogen
oxides, hydrogen sulphide, particulate matter and VOCs. Releases occur from stationary combustion sources, storage vessels, flares and equipment leaks, and may also occur because of accidents. Human health impacts and financial consequences may be exacerbated the closer a facility is to population centres. Active management of the issue—through technological and process improvements—may allow entities to mitigate the effect of regulations and benefit from operational efficiencies that could result in reduced costs.
More",Extractives & Minerals Processing,Oil & Gas – Refining & Marketing
Water & Wastewater Management,Water Management,"Refineries can use large quantities of water depending on their size and refining process complexity. This water use exposes them to the risk of water scarcity, depending on their location, and related costs. Extraction of water from water-stressed
regions or water contamination also may create tensions with local communities. Refinery operations require wastewater treatment and disposal, often via on-site wastewater treatment plants before discharge. Reducing water use and contamination through recycling and other water management strategies may permit entities to capture operational efficiencies and reduce operating costs. They also could minimise regulatory, water supply shortages and community-related disruptions on operations.
More",Extractives & Minerals Processing,Oil & Gas – Refining & Marketing
Waste & Hazardous Materials Management,Hazardous Materials Management,"As a by-product of their operations, Refining & Marketing (R&M) entities generate various forms of waste derived from the processing of petroleum products. Many of these substances are hazardous to human health and the environment and may be subject
to regulation. Remediation of inactive or decommissioned sites may take many years to complete, and entities may accrue liabilities for past operations. Hazardous substance releases from underground storage tanks (USTs) used by refining facilities and gas stations can affect land redevelopment for abandoned or closed facilities. Spills and releases during operations can result in groundwater contamination and other negative impacts. R&M entities that reduce and recycle hazardous waste streams, as well as those that have effective and prompt clean-up and remediation measures in place for normal operations and decommissioned facilities, may reduce regulatory and litigation risks and associated costs.
More",Extractives & Minerals Processing,Oil & Gas – Refining & Marketing
Employee Health & Safety,Workforce Health & Safety,"Hazards associated with the operations of entities in the Refining & Marketing (R&M) industry may present risks to employee health and safety. Such hazards include the handling and processing of hydrocarbons, frequently at high temperatures and
pressures during refining operations. Accidents or inadvertent exposures to chemicals and other hazards such as heat or noise may result in fatalities, severe injuries or illnesses. Releases of hydrocarbons or other hazardous substances resulting from accidents or leaks also can have negative consequences for neighbouring communities. An entity’s ability to protect employee health and safety, and to create a culture of safety and well-being among employees at all levels, can help prevent accidents, mitigate costs and operational downtime, and enhance workforce productivity.
More",Extractives & Minerals Processing,Oil & Gas – Refining & Marketing
Product Design & Lifecycle Management,Product Specifications & Clean Fuel Blends,"Some regulatory jurisdictions have implemented product specifications and renewable fuel blends, which pose significant compliance and operational risks for Refining & Marketing (R&M) entities. Entities may face long-term reductions in revenue from
fossil fuel-based products and services because of GHG mitigation policies such as renewable fuel mandates or standards, as well as competition from non-fossil fuel products. To ensure regulatory compliance and position themselves for long-term competitiveness, some entities are investing in clean fuel production or purchasing ethanol and other renewable biofuels. Advanced biofuels and fuel technologies have lower lifecycle impacts than traditional biofuels, and they can be used to minimise future regulatory risks and public pressure. Although short-term costs to find commercially viable technologies can be significant, investments in R&D for such technologies could serve to support R&M entities’ long-term profitability.
More",Extractives & Minerals Processing,Oil & Gas – Refining & Marketing
Competitive Behaviour,Pricing Integrity & Transparency,"Regulators are responsible for overseeing issues related to pricing integrity and transparency, which includes the potential for market manipulation by oil and gas entities, including Refining & Marketing (R&M) entities. Regulatory agencies focusing
on refineries may investigate various competitive factors, including capacity utilisation and refinery maintenance decisions, product supply decisions, product margins, and capital planning, creating uncertainty regarding future enforcement. The focus of enforcement actions also may include prices reported to price index publishers, as well as potential price distortions through trading positions in physical transactions, and through swaps, futures and derivatives. Maintaining market integrity and ensuring transparency in product pricing can therefore reduce regulatory risks and liabilities for R&M entities and protect consumers from unfair pricing.
More",Extractives & Minerals Processing,Oil & Gas – Refining & Marketing
Management of the Legal & Regulatory Environment,Management of the Legal & Regulatory Environment,"The Refining & Marketing (R&M) industry is subject to numerous sustainability-related regulations and an often rapidly changing regulatory environment. Changes to the legal and regulatory environment may result in material effects on shareholder
value. Entities in the industry regularly participate in the regulatory and legislative process on a wide variety of environmental and societal issues. Such engagement can result from entities seeking to ensure industry views are represented in the development of regulations affecting the industry as well as to represent shareholder interests. At the same time, such engagement to influence environmental laws and regulations may adversely affect entities’ reputations and ultimately affect an entity’s social licence to operate.
More",Extractives & Minerals Processing,Oil & Gas – Refining & Marketing
Critical Incident Risk Management,Critical Incident Risk Management,"The operations of Refining & Marketing (R&M) entities are often characterised by a high number of hazards, including the handling of flammable, volatile substances, the use of highly reactive chemicals, and the processing of fluids at high
temperature and pressure. Accidental releases of hydrocarbons or other hazardous substances can have significant consequences for an entity’s workforce, as well as external social and environmental consequences. In addition to effective process safety management practices, entities frequently prioritise developing a culture of safety to reduce the probability that accidents and other health and safety incidents will occur. If accidents and other emergencies do occur, entities with a strong safety culture often can detect and respond effectively to such incidents. A culture that engages and empowers employees and contractors to work with management to safeguard their own health, safety and well-being and prevent accidents may help entities reduce production downtime, mitigate costs, ensure workforce productivity and maintain their licence to operate.
More",Extractives & Minerals Processing,Oil & Gas – Refining & Marketing
GHG Emissions,Emissions Reduction Services & Fuels Management,"Although direct greenhouse gas (GHG) emissions and associated regulatory risks are relatively low for Oil & Gas - Services providers relative to other industries, emissions from the operations of their customers—the Exploration & Production
(E&P) entities—can be significant. Emissions include GHGs that can contribute to climate change as well as other air pollutants that can have significant localised human health and environmental impacts. Increasing regulation and high costs of fuels associated with these emissions present substantial risk to E&P entities. Entities are seeking ways to lower their emissions, including converting pumps and engines to run on natural gas and electricity instead of diesel fuel. Oil & Gas - Services entities compete for contracts partly based on providing innovative, efficient technologies that can help E&P entities reduce operating costs and improve process efficiencies. Services entities can gain a competitive advantage, grow revenue and secure market share by providing customers with services and equipment to reduce GHG, fugitive and flared emissions and fuel consumption.
More",Extractives & Minerals Processing,Oil & Gas – Services
Water & Wastewater Management,Water Management Services,"Oil and gas development often requires large quantities of water, exposing producers to the risks of water scarcity, water use regulations and related cost increases, particularly in water-stressed regions. Producers also must manage wastewater
disposal risks and costs. As such, service entities that develop superior technologies and processes, such as closed-loop water recycling systems to reduce customers’ water consumption and disposal costs, may gain market share and increase revenue, because drilling and wastewater management can be a significant competitive factor for their customers.
More",Extractives & Minerals Processing,Oil & Gas – Services
Waste & Hazardous Materials Management,Chemicals Management,"Oil & Gas – Services entities produce oilfield chemicals as well as drilling and hydraulic fracturing fluids based on demand from Exploration & Production (E&P) entities. Although leaks from a properly drilled and completed well are
rare, contamination of local water resources can result from contact with hydraulic fracturing fluids and produced water. Contamination may arise from issues related to poor well integrity. Public concerns about some chemicals used in hydraulic fracturing fluids have, in some regions, resulted in fracturing bans, legislative proposals and other regulations to mandate disclosure of chemicals used. The precise chemical composition of hydraulic fracturing fluids is often proprietary, and entities compete to create the most effective formulas. Because of public and regulatory attention to the potential hazards of drilling fluids, entities that effectively manage well development and asset integrity issues, the production and use of non-hazardous fracking fluids, and the per well reduction of drilling fluid volumes, may increase their market share, grow revenues and reduce the regulatory risk affecting their products.
More",Extractives & Minerals Processing,Oil & Gas – Services
Ecological Impacts,Ecological Impact Management,"Oil and gas exploration and development activities and associated services and support activities can have significant impacts on biodiversity and ecosystems. Entities operating sites in ecologically sensitive areas or that are resource-intensive
operations must effectively manage the disposal of drilling and associated wastes, well decommissioning, land use, and potential fuel spills. Producers face regulatory risks and permitting barriers to protect ecosystems from potential issues related to site development, drilling, underground waste injection, well decommissioning and site remediation. Entities that offer cost-effective, efficient production and decommissioning technologies that mitigate biodiversity impacts by reducing land use, drilling wastes and spills can decrease the associated risks for their customers and gain a competitive advantage.
More",Extractives & Minerals Processing,Oil & Gas – Services
Employee Health & Safety,Workforce Health & Safety,"Workers in the Oil & Gas – Services industry may face significant health and safety risks related to the harsh working environments and handling potentially volatile hydrocarbons and hazardous wastes. In addition to acute impacts resulting from
accidents, workers may develop chronic health conditions, such as those caused by silica or dust inhalation, as well as mental health problems. A significant proportion of the workforce at oil and gas drilling sites consists of temporary workers and employees of entities in the Oil & Gas – Services industry. Health impacts on, and the safety performance of, such workers can affect entities directly by adversely affecting worker productivity and increasing costs. Entities compete based on their reputation and ability to perform activities consistently and safely. Customers evaluate accidents, spills, injuries and fatalities as important factors in awarding contracts to entities.
More",Extractives & Minerals Processing,Oil & Gas – Services
Business Ethics,Business Ethics & Payments Transparency,"With operations around the world, entities in the Oil & Gas – Services industry interact with many government and local officials, either directly or through agents, to secure contracts with state-owned oil entities and multinational
corporations. Bribery, corruption and the transparency of payments to governments may be significant issues, depending on the region and jurisdiction. Anti-corruption, anti-bribery, and payments transparency laws and initiatives create regulatory mechanisms to reduce the risk of misconduct. Violations of these could result in significant one-time costs or higher compliance costs, whereas successful compliance with such regulations could avoid adverse outcomes. Entities are under pressure to ensure their governance structures and practices can monitor and manage the risks associated with corruption, wilful or unintentional participation in illegal or unethical payments, or with gifts to government officials or private individuals.
More",Extractives & Minerals Processing,Oil & Gas – Services
Management of the Legal & Regulatory Environment,Management of the Legal & Regulatory Environment,"The Oil & Gas – Services industry is subject to numerous sustainability-related regulations and a rapidly changing regulatory environment. Entities in the industry regularly participate in the regulatory and legislative process on a wide variety of
environmental and societal issues, and they may do so directly or through representation by an industry association. Entities may participate in these processes to ensure industry views are represented in the development of regulations affecting the industry, as well as to represent shareholder interests. However, such attempts to influence environmental laws and regulations may have an adverse effect on entities’ reputations with stakeholders and ultimately affect the entity’s social licence to operate. Entities that can balance these tensions may be better positioned to respond to medium-to-long-term regulatory developments.
More",Extractives & Minerals Processing,Oil & Gas – Services
Critical Incident Risk Management,Critical Incident Risk Management,"Entities in the Oil & Gas – Services industry are subject to significant risks associated with low-probability, high-consequence events associated with oil and gas exploration, development and production activities. Such events may result in multiple
fatalities, significant property damage or significant adverse effects on the environment. Entities may be affected indirectly through safety incidents or emergencies affecting their Exploration & Production (E&P) industry clients. Significant incidents can have wide-ranging negative social and environmental consequences, for which both E&P and Services entities may be held liable. Entities compete based on their reputation and ability to perform activities on a consistently safe basis. In addition to effective process safety management practices, many entities prioritise developing a strong culture of safety to reduce the probability of accidents and other health and safety incidents. If accidents and other emergencies do occur, entities with a strong safety culture are often able to detect and respond to such incidents more effectively. A culture that engages and empowers employees and contractors to work with management and entities in the E&P industry to safeguard their own health, safety and well-being, and to prevent accidents, is likely to help entities reduce risks to their financial value.
More",Extractives & Minerals Processing,Oil & Gas – Services
Selling Practices & Product Labeling,Transparent Information & Fair Advice for Customers,"Asset managers have legal obligations and fiduciary duties related to record keeping, operating and marketing, disclosure requirements and prevention of fraudulent activities. Regulations regarding Asset Management & Custody Activities are intended
to align the interests of entities and their clients, limiting conflicts of interest. This alignment, along with the prevalence of asset managers earning fees based on the amount of assets under management, encourages entities to provide clients with investment strategies that match clients’ risk-return profiles. Entities also face significant challenges in ensuring clients understand the nature of investment strategy risks. Failure to provide services that satisfy customer expectations may result in lengthy and costly litigation, diminished trust with clients and lower sales. Enhanced disclosure on procedures or programmes that provide adequate, clear and transparent information about products and services, employees’ regulatory violation records and the amount of fines and settlements associated with professional integrity will provide investors with an advanced understanding of how well entities manage risks associated with this issue and whether they are able to preserve long-term value for shareholders.
More",Financials,Asset Management & Custody Activities
"Employee Engagement, Diversity & Inclusion",Employee Diversity & Inclusion,"Entities in the Asset Management & Custody Activities industry face significant competition for skilled employees. As the industry continues to undergo rapid innovation through the introduction of more complex financial products and computerised
algorithmic and high-frequency trading, the ability of entities to attract and retain skilled employees may increase in importance. By ensuring gender and racial diversity throughout the organisation, entities may expand their candidate pools, which may reduce hiring costs and improve operational efficiency. Evidence also suggests that entities with more diverse groups of employees may enhance the risk-return characteristics of investment portfolios.
More",Financials,Asset Management & Custody Activities
Product Design & Lifecycle Management,"Incorporation of Environmental, Social, and Governance Factors in Investment Management & Advisory","Asset Management & Custody Activities entities maintain a fiduciary responsibility to their clients. These entities must consider and incorporate an analysis of all material information into investment decisions, including environmental, social and
governance (ESG) factors. The process of ESG investment involves consideration of ESG factors in valuation, modelling, portfolio construction, proxy voting and engagement with investees and, as a result, in investment decision-making by asset and wealth managers. As the management and use of non-financial forms of capital increasingly contribute to market value, incorporation of ESG factors in the analysis of investees has become more relevant. Research has established that an entity’s management of some ESG factors may impact materially both its accounting and market returns. Therefore, deep understanding of investees’ ESG performance, integration of ESG factors in valuation and modelling, as well as engagement with investees on sustainability issues allows asset managers to generate superior returns. On the other hand, asset management and custody activities industry entities that fail to consider these risks and opportunities in their investment management activities may witness diminished investment portfolio returns that may result in reduced performance fees. Over the long term, these failures could result in an outflow of assets under management (AUM), the loss of market share and lower management fees.
More",Financials,Asset Management & Custody Activities
Product Design & Lifecycle Management,Financed Emissions,"Entities participating in asset management activities face risks and opportunities related to the greenhouse gas emissions associated with those activities. Counterparties, borrowers or investees with higher emissions might be more susceptible to
risks associated with technological changes, shifts in supply and demand and policy change which in turn can impact the prospects of a financial institution that is providing financial services to these entities. These risks and opportunities can arise in the form of credit risk, market risk, reputational risk and other financial and operational risks. For example, credit risk might arise in relation to financing clients affected by increasingly stringent carbon taxes, fuel efficiency regulations or other policies; credit risk might also arise through related technological shifts. Reputational risk might arise from financing fossil-fuel projects. Entities participating in asset management activities are increasingly monitoring and managing such risks by measuring their financed emissions. This measurement serves as an indicator of an entity’s exposure to climate-related risks and opportunities and how it might need to adapt its investment strategies over time.
More",Financials,Asset Management & Custody Activities
Business Ethics,Business Ethics,"The regulatory environment surrounding the Asset Management & Custody Activities industry continues to evolve internationally. Entities must adhere to a complex and often inconsistent set of rules relating to performance and conduct, as well as
provide disclosure on issues including insider trading, tax evasion and clearing requirements in over-the-counter derivatives markets. Entities are subject to strict legal requirements as fiduciaries or custodians of their clients. In some jurisdictions, enhanced rewards for whistle-blowers may increase the number of complaints brought to regulators. Entities that ensure regulatory compliance through robust internal controls may build trust with clients, increase revenue and protect shareholder value by minimising losses incurred because of legal proceedings.
More",Financials,Asset Management & Custody Activities
Data Security,Data Security,"Ensuring personal financial data privacy and security is an essential responsibility of Commercial Banks. Entities that fail to safeguard customer data may be susceptible to decreased revenue and consumer confidence. As the growth in mobile banking
and cloud storage continues and more bank operations become technology- and internet-dependent, data security management becomes increasingly important. Sophisticated technology and continuous staff training are essential amid growing cybersecurity threats. The metrics for this disclosure topic focus on providing more detail on efforts related to safeguarding data against emerging and continuously evolving cybersecurity threats and technologies, and security breaches compromising customers’ information. Enhanced disclosure on management strategies to address these risks may permit shareholders to understand how commercial banks are protecting shareholder value.
More",Financials,Commercial Banks
Access & Affordability,Financial Inclusion & Capacity Building,"As their primary business activity, commercial banks must continuously balance their capacity building efforts with the risks and opportunities associated with lending to unbanked, underbanked or underserved customers. Emerging financing models and
technologies provide banks with an opportunity to offer products and services in previously underserved markets and obtain additional sources of revenue. Entities that can meet the need to extend credit and financial services to low-income populations and small businesses while avoiding predatory and irresponsible lending practices may create long-term value and improve brand reputation. These services also should be complemented by efforts to improve financial literacy, which will assist customers in making informed decisions. By disclosing their approach to financial inclusion and capacity building, commercial banks can provide investors with decision-useful information for assessing banks’ ability to ensure long-term, sustainable value creation.
More",Financials,Commercial Banks
Product Design & Lifecycle Management,"Incorporation of Environmental, Social, and Governance Factors in Credit Analysis","As financial intermediaries, commercial banks contribute to significant positive and negative environmental and social externalities through their lending practices. Environmental, social and governance (ESG) factors can have material implications
for the underlying entities, assets and projects to which commercial banks lend across a range of industries. Therefore, entities increasingly must examine ESG factors when determining the quality of collateral. Commercial banks also may enable positive environmental and social externalities to generate significant revenue streams through their lending practices. Commercial banks that fail to address these risks and opportunities could face diminished returns and reduced value for shareholders. Commercial banks should subsequently disclose how ESG factors are integrated into lending processes and the current level of portfolio risk associated with specific sustainability trends. Specifically, investor and regulatory pressure is mounting for banks to disclose how they address climate change related risks.
More",Financials,Commercial Banks
Product Design & Lifecycle Management,Financed Emissions,"Entities participating in commercial banking activities face risks and opportunities related to the greenhouse gas emissions associated with those activities. Counterparties, borrowers or investees with higher emissions might be more susceptible to
risks associated with technological changes, shifts in supply and demand and policy change which in turn can impact the prospects of a financial institution that is providing financial services to these entities. These risks and opportunities can arise in the form of credit risk, market risk, reputational risk and other financial and operational risks. For example, credit risk might arise in relation to financing clients affected by increasingly stringent carbon taxes, fuel efficiency regulations or other policies; credit risk might also arise through related technological shifts. Reputational risk might arise from financing fossil-fuel projects. Entities participating in commercial banking activities are increasingly monitoring and managing such risks by measuring their financed emissions. This measurement serves as an indicator of an entity’s exposure to climate-related risks and opportunities and how it might need to adapt its financial activities over time.
More",Financials,Commercial Banks
Business Ethics,Business Ethics,"The regulatory environment surrounding the Commercial Banks industry continues to evolve internationally. Entities must adhere to a complex and often inconsistent set of rules relating to performance and conduct, as well as provide disclosure on
issues including insider trading, antitrust behaviour, price fixing and market manipulation. Entities are subject to strict legal requirements against tax evasion, fraud, money laundering and corrupt practices. In some jurisdictions, enhanced rewards for whistle-blowers may increase the number of complaints brought to regulators. Entities that ensure regulatory compliance through robust internal controls may build trust with clients, increase revenue and protect shareholder value by minimising losses incurred because of legal proceedings.
More",Financials,Commercial Banks
Systemic Risk Management,Systemic Risk Management,"Commercial Bank entities that fail to manage risks to capital effectively may suffer significant losses while increasing their liabilities. Because of the interconnectedness of the global financial system, these failures can contribute to significant
market disruption and financial crises. The systemic interconnectedness of financial institutions has become a central concern for regulators. As a result, many jurisdictions require that banks undergo supervised stress tests to evaluate whether the entity has sufficient capital reserves and liquidity to absorb losses, continue operations and meet obligations during adverse economic and financial conditions. Failure to meet regulatory requirements may lead to penalties and substantially increased future compliance costs. Commercial banks should improve their disclosures by measuring how well they can absorb shocks arising from systemic stresses to demonstrate how risks associated with their size, complexity, interconnectedness, substitutability and cross-jurisdictional activity are being managed. Entities that commit to enhanced disclosures may experience improved investor and shareholder confidence, potentially leading to increased revenues.
More",Financials,Commercial Banks
Customer Privacy,Customer Privacy,"Entities in the Consumer Finance industry face risks and opportunities associated with using customer data for purposes other than those for which the data was originally collected (for example, targeted advertising or transfer to third
parties). Ensuring the privacy of personal information and other account holders’ data is an essential responsibility of the Consumer Finance industry. To assess performance on this issue, investors may benefit from entities’ disclosure of the number of account holders whose information is used for secondary purposes, and their policies and procedures around using such information, including the nature of their opt-in policies. Investors may be encouraged and reassured by disclosures of information regarding an entity’s data usage, as well as applicable jurisdictional legal or regulatory actions related to customer protection and privacy. Entities in the Consumer Finance industry that fail to manage performance in this area may be susceptible to decreased revenues resulting from lost consumer confidence and high employee turnover, as well as financial consequences arising from increased legal risks.
More",Financials,Consumer Finance
Data Security,Data Security,"Entities in the Consumer Finance industry face risks and opportunities associated with customer data security management, in the context of external threats. Ensuring the security of customers’ personal information is an essential responsibility of
the Consumer Finance industry. To assess performance on this issue, analysts may benefit from disclosure regarding safeguarding customer data against emerging and continuously evolving cybersecurity threats and technologies, security breaches compromising customers’ personal information, and credit and debit card fraud. Entities that fail to manage these threats effectively may be susceptible to reduced revenues resulting from decreased consumer confidence and high employee turnover. Furthermore, data breaches may expose entities to lengthy, costly litigation and potential monetary losses.
More",Financials,Consumer Finance
Selling Practices & Product Labeling,Selling Practices,"Selling practices encompasses performance in three important areas that can affect an entity’s operations and financial condition. First, entity compensation and incentive policies may unintentionally encourage the selling of products and services
that are not in the clients’ best interest. Secondly, an entity may be perceived as using deceptive practices from a failure to provide transparent information to customers about primary and add-on products. And finally, depending on the characteristics of products offered, poor performance on the first two elements could result in customers holding portfolios containing high concentrations of risk. Entities in the Consumer Finance industry may face increased scrutiny as regulators encourage improved transparency and enhanced disclosure. The disclosure of important lending portfolio characteristics—including average fees from add-on products, average age of credit products, average annual percentage rate (APR) of credit products, average number of credit accounts and average annual fees for pre-paid transaction products—may permit shareholders to determine which entities can best protect long-term value, rather than relying on short-term revenue generation practices. Providing consumer finance products focused on the customers’ best interest may build trust with new and existing customers, expand market share, and ensure sustainable revenue growth.
More",Financials,Consumer Finance
Selling Practices & Product Labeling,Transparent Information & Fair Advice for Customers,"Insurance products play an important societal role in alleviating unexpected economic shocks, allowing individual policyholders to reduce the financial consequences of events such as illnesses, accidents and deaths. However, unclear insurance
policies, ambiguous product terms and potentially misleading sales tactics may erode brand reputation, spur legal disputes, and reduce the number of services and products an entity can offer. Regulators may deem some policies overly complex and unsuitable for customers. Moreover, entities compete based on financial strength, price, brand reputation, services offered and customer relationships. Dissatisfied customers may reduce or avoid insurance coverage, potentially leading to negative financial outcomes such as personal bankruptcies. While financial regulators continue to emphasise consumer protection and accountability, entities that maintain transparent policy terms and sell products to customers best suited to them may better maintain their brand reputation, avoid regulatory scrutiny and protect shareholder value. Failure to inform customers about products in a clear and transparent manner may result in increased consumer complaints, customer churn, or regulatory fines and settlements.
More",Financials,Insurance
Product Design & Lifecycle Management,"Incorporation of Environmental, Social and Governance Factors in Investment Management","Insurance entities must invest capital to preserve accumulated premium revenues equivalent to expected policy claim pay-outs and maintain long-term asset-liability parity. Because environmental, social and governance (ESG) factors increasingly have a
material impact on the performance of corporations and other assets, insurance entities increasingly must incorporate these factors into their investment management. Failure to address these issues may diminish risk-adjusted portfolio returns and limit an entity’s ability to issue claim payments. Entities, therefore, should enhance disclosure on how they incorporate ESG factors, including climate change and natural resource constraints, into the investment of policy premiums and how they affect the portfolio risk.
More",Financials,Insurance
Product Design & Lifecycle Management,Policies Designed to Incentivise Responsible Behaviour,"Advances in technology and the development of new policy products have allowed insurance entities to limit claim payments while encouraging responsible behaviour. The industry is subsequently in a unique position to generate positive social and
environmental externalities. Insurance entities can incentivise healthy lifestyles and safe behaviour as well as develop sustainability-related projects and technologies, such as those focused on renewable energy, energy efficiency and carbon capture. As the renewable energy industry continues to grow, insurance entities may seek related growth opportunities by underwriting insurance in this area. Additionally, policy clauses may encourage customers to incorporate environmental, social and governance (ESG) factors to mitigate overall underwriting portfolio risk, which may reduce insurance pay-outs over the long term. Therefore, disclosure on products related to energy efficiency and low carbon technology, as well as discussion of how entities incentivise health, safety or environmentally responsible actions or behaviours, may assist investors in assessing how insurance entities incentivise responsible behaviour.
More",Financials,Insurance
Product Design & Lifecycle Management,Financed Emissions,"Entities participating in insurance activities face risks and opportunities related to the greenhouse gas emissions associated with those activities. Counterparties, borrowers or investees with higher emissions might be more susceptible to risks
associated with technological changes, shifts in supply and demand and policy change which in turn can impact the prospects of a financial institution that is providing financial services to these entities. These risks and opportunities can arise in the form of credit risk, market risk, reputational risk and other financial and operational risks. For example, credit risk might arise in relation to financing clients affected by increasingly stringent carbon taxes, fuel efficiency regulations or other policies; credit risk might also arise through related technological shifts. Reputational risk might arise from financing fossil-fuel projects. Entities participating in insurance activities are increasingly monitoring and managing such risks by measuring their financed emissions. This measurement serves as an indicator of an entity’s exposure to climate-related risks and opportunities and how it might need to adapt its financial activities over time.
More",Financials,Insurance
Physical Impacts of Climate Change,Physical Risk Exposure,"Catastrophic losses associated with extreme weather events will continue to have a material, adverse effect on the Insurance industry. The extent of this effect may evolve as climate change increases the frequency and severity of both modelled and
non-modelled natural catastrophes, including hurricanes, floods and droughts. Failure to appropriately understand environmental risks, and price them into the underwritten insurance products, may result in higher-than-expected claims on policies. Therefore, insurance entities that incorporate climate change considerations into their underwriting process for individual contracts, as well as the management of entity-level risks and capital adequacy, may be better positioned to create value over the long-term. Enhanced disclosure of an entity’s approach to incorporating these factors, in addition to quantitative data such as the probable maximum loss and total losses attributable to insurance pay-outs, may provide investors with the information necessary to assess current and future performance on this issue.
More",Financials,Insurance
Systemic Risk Management,Systemic Risk Management,"Entities in the Insurance industry have the potential to pose, amplify or transmit a threat to the financial system. The size, interconnectedness and complexity of entities highlight the industry’s exposure to systemic risk. Regulators have
identified entities that engage in non-traditional or non-insurance-related activities as being more vulnerable to financial market developments and subsequently more likely to contribute to systemic risk. As a result, entities may be designated as Systemically Important Financial Institutions. Central banking systems in various jurisdictions may subject such entities to stricter prudential regulatory standards and oversight. Such entities may face stricter limits on their risk-based capital, leverage, liquidity and credit exposure. In addition, regulators may require entities to maintain a plan for rapid and orderly dissolution in the event of financial distress. Regulatory compliance can be costly, and failure to meet qualitative and quantitative regulatory performance thresholds could lead to substantial penalties. To demonstrate how these risks are being managed, entities should disclose important aspects of their systemic risk management and their ability to meet stricter regulatory requirements.
More",Financials,Insurance
"Employee Engagement, Diversity & Inclusion",Employee Diversity & Inclusion,"Entities in the Investment Banking & Brokerage industry face significant competition for skilled employees. As the industry continues to undergo rapid innovation through the introduction of more complex financial products and computerised algorithmic
and high-frequency trading, material concerns such as profitability are more likely to determine the ability of entities to attract and retain skilled employees. By ensuring gender and racial diversity throughout the organisation, entities may expand their candidate pool, which may reduce hiring costs and improve operational efficiency. Evidence also suggests that entities with more diverse groups of employees may reduce risk-taking among employees involved in risk-prone trading activities (for example, trading), which may reduce the entity’s overall risk exposure. Entities with more diverse workforces may, therefore, be better able to attract skilled labour, adapt to advancements in technology and safeguard employee well-being.
More",Financials,Investment Banking & Brokerage
Product Design & Lifecycle Management,"Incorporation of Environmental, Social, and Governance Factors in Investment Banking & Brokerage Activities","Environmental, social and governance (ESG) factors may have material impacts on the entities assets and projects across a range of industries to which investment banks provide services or in which they invest. Therefore, by accounting for these
factors in underwriting, advisory, investing and lending activities, investment banks may manage significant positive and negative environmental and social externalities effectively. The potential for both value creation and loss associated with ESG factors suggests that investment banking and brokerage entities have a responsibility to shareholders and clients to consider these factors when analysing and valuing core products, including sell-side research, advisory services, origination, underwriting and principal transactions. Investment banking and brokerage entities that fail to manage these risks and opportunities effectively may expose themselves to increased reputational and financial risks. Appropriately pricing ESG risks may reduce investment banks’ financial risk exposure, help generate additional revenue or open new market opportunities. To help investors better understand how entities in the industry manage these issues, investment banks should disclose how they incorporate ESG factors in their core products and services.
More",Financials,Investment Banking & Brokerage
Business Ethics,Business Ethics,"The regulatory environment surrounding the Investment Banking & Brokerage industry continues to evolve internationally. Entities must adhere to a complex and often inconsistent set of rules relating to performance and conduct, as well as provide
disclosure on issues including insider trading, antitrust behaviour, price fixing and market manipulation. Entities are subject to strict legal requirements against tax evasion, fraud, money laundering and corrupt practices. In some jurisdictions, enhanced rewards for whistle-blowers may increase the number of complaints brought to regulators. Entities that ensure regulatory compliance through robust internal controls may build trust with clients, increase revenue and protect shareholder value by minimising losses incurred because of legal proceedings.
More",Financials,Investment Banking & Brokerage
Business Ethics,Professional Integrity,"The success of entities in the Investment Banking & Brokerage industry is dependent on cultivating client trust and loyalty. To ensure long-term, mutually beneficial relationships, entities must provide services that satisfy the highest professional
standards, which means taking careful measures to avoid conflicts of interest, misrepresentation and negligence. Professional integrity also means following a code of ethics with respect to transparency and disclosure. These measures are important both for preserving an entity’s licence to operate, as well as for attracting and retaining clients. Failure to meet professional standards may lead to negative consequences such as legal penalties or reputational damage, harming the entity’s clients as well as its shareholders. To maintain professional integrity, entities must ensure employees are trained in, and committed to adhering to, applicable financial industry regulations. A description of management’s approach to assuring professional integrity may help investors understand risk exposure and processes in place to avoid misconduct. Disclosure of the entity’s amount of legal and regulatory fines and settlements may provide investors and stakeholders with more transparent information regarding which financial institutions are adhering to regulatory norms.
More",Financials,Investment Banking & Brokerage
Systemic Risk Management,Systemic Risk Management,"Investment Banking & Brokerage entities that fail to manage risks to capital effectively may suffer significant value losses to their financial assets while increasing liabilities. Because of the interconnectedness of the global financial
system, these failures can contribute to significant market disruption and financial crises. This systemic nature of risk has become a central concern for regulators. As a result, many jurisdictions require that banks undergo supervised stress tests to evaluate whether the entity has sufficient capital and liquidity to absorb losses, continue operations and meet obligations in adverse economic and financial conditions. Failure to meet regulatory requirements may lead to penalties and substantially increased future compliance costs. Investment banks should improve their disclosures by measuring how well they can absorb shocks arising from systemic stresses to demonstrate how risks associated with their size, complexity, interconnectedness, substitutability and cross-jurisdictional activity are being managed. Entities that commit to enhanced disclosures may experience improved investor and shareholder confidence, potentially leading to increased revenues.
More",Financials,Investment Banking & Brokerage
Systemic Risk Management,Employee Incentives & Risk-taking,"Variations in employee compensation structures in the Investment Banking & Brokerage industry may incentivise employees to focus on short- or long-term entity performance. Structures that emphasise short-term performance may encourage excessive
risk-taking, with adverse implications for long-term corporate value. Various financial crises in recent decades have increased regulatory and shareholder scrutiny towards excessive risk-taking behaviour. Enhanced disclosure of employee compensation, focusing on performance metrics and variable remuneration, policies regarding clawback provisions, supervision, control and validation of traders’ pricing of Level 3 assets may provide investors with a better understanding of how entities are preserving corporate value by prioritising long-term growth over short-term reward.
More",Financials,Investment Banking & Brokerage
Selling Practices & Product Labeling,Lending Practices,"The approach mortgage finance entities take when incentivising employees and how they communicate with customers is important for more than one reason. First, the incentive structures and compensation policies of loan originators may unintentionally
encourage them to promote lending products and services unsuitable for their clients. Second, a lack of transparency provided to customers with respect to primary and add-on products may impair an entity’s reputation and invite regulatory scrutiny and costly litigation. Finally, as a consequence, the resulting client portfolios may contain a high concentration of risky products sold. Also, laws and regulations restricting predatory lending may prohibit mortgage originators from receiving compensation tied to loan value and may require additional disclosures be provided to borrowers. Entities that develop transparent information, give fair advice to customers and clearly disclose their lending practices may assist shareholders in determining which entities better protect shareholder value.
More",Financials,Mortgage Finance
Selling Practices & Product Labeling,Discriminatory Lending,"The Mortgage Finance industry aggregates data to determine loan terms and conditions including important provisions such as loan size, interest rate, up-front points or other fees. However, the complex process may result in intentional or
unintentional discriminatory lending practices by the mortgage originator. Discriminatory lending may result in fines or settlements for violations of regulations, increased reputational risk, and negative financial performance because of loan mispricing. Disclosing internal processes to ensure non-discriminatory lending, disclosing the amount of mortgage lending categorised by minority status along with relevant financial characteristics, and disclosing the amount of monetary losses resulting from legal proceedings associated with violations of applicable laws and regulations may help investors assess entity performance. Entities in the Mortgage Finance industry may reduce the risk of discriminatory lending, including unintended discriminatory lending, by implementing strong processes, enforcing internal controls, and proactively monitoring their loan portfolio, among other techniques.
More",Financials,Mortgage Finance
Physical Impacts of Climate Change,Environmental Risk to Mortgaged Properties,"An increase in the frequency of extreme weather events associated with climate change may have an adverse impact on the Mortgage Finance industry. Specifically, hurricanes, floods and other climate change-related events have the potential to result
in missed payments and loan defaults, while also decreasing the value of underlying assets. Entities which incorporate climate-related risks into lending analysis may be better positioned to create value over the long-term.
More",Financials,Mortgage Finance
Product Design & Lifecycle Management,Promoting Transparent & Efficient Capital Markets,"Security and commodity exchanges have a responsibility to ensure equal access to capital markets for all investors. As public markets, these entities help ensure efficient capital allocation and equal application of rules for all
participants. Entities must also manage the release of public data to prevent information asymmetries. The advent of new technologies such as high-frequency trading may give some traders an advantage at the expense of others. Information asymmetries allowing for unfair arbitrage may result in litigation, regulatory penalties, additional regulatory oversight and increased compliance costs, as well as reputational damage that may reduce trading volumes and associated revenues. Disclosure of policies relating to information releases, trading halts and the risks and opportunities associated with algorithmic or high-frequency trading may permit investors to understand more clearly how security and commodity exchanges protect shareholder value.
More",Financials,Security & Commodity Exchanges
Business Ethics,Managing Conflicts of Interest,"Security and commodity exchanges are responsible for the oversight of member entities. Specifically, entities in this industry monitor membership information and regulatory compliance to ensure market integrity and transparency. Controversies
relating to market manipulation, tax fraud, investor protection rules and anti-competitive behaviour have raised concern about conflicts of interest that arise because of security and commodity exchanges’ position as self-regulatory organisations (SROs). Rapid innovation in financial markets provides significant opportunities to enhance profitability. However, exchanges must continue to fulfil their responsibilities as SROs to ensure open and fair access to all investors, to publish rules and fees, and to oversee trading. Entities that effectively discourage fraudulent or unethical activities may preserve market integrity, limit reputational damage and ensure long-term sustainable growth.
More",Financials,Security & Commodity Exchanges
Systemic Risk Management,Managing Business Continuity & Technology Risks,"Security and commodity exchanges face increased risks and opportunities associated with information technology. The industry’s integral position in the proper functioning of financial markets requires that exchanges manage security breaches and
technology errors to prevent market disruptions. Because security and commodity exchanges face increased volumes of trading associated with the clearing and execution of derivative trades and increased frequency of cyber-attacks, the industry may be exposed to new risks and opportunities associated with its reliance on information technology. Failure to ensure trading continuity may erode customer trust and result in reduced trading volumes and loss of revenue. Increased disclosure of efforts taken to prevent these risks may allow shareholders to assess the entity’s value more accurately than they could otherwise.
More",Financials,Security & Commodity Exchanges
GHG Emissions,Greenhouse Gas Emissions,"Entities in the Agricultural Products industry generate direct greenhouse gas (GHG) emissions from processing and transporting goods via land and sea freight operations. Emissions regulations may increase the cost of capital, operational costs and
affect the operational efficiency of entities without strategies to manage GHG emissions. Employing innovative technologies that use alternative fuels and energy inputs—including biomass waste generated from internal processes—and improving fuel efficiency are ways entities can limit exposure to volatile fuel pricing, supply disruptions, future regulatory costs and other potential consequences of GHG emissions.
More",Food & Beverage,Agricultural Products
Energy Management,Energy Management,"Processing and milling agricultural products require substantial energy input. While some agricultural products entities generate energy on-site through the direct combustion of fossil fuels or biomass, most energy is procured from the electrical
grid. Energy consumption contributes to environmental impacts, including climate change and pollution. Energy management affects current and future costs of operation. Climate regulation and other sustainability factors could result in higher or more volatile electricity and fuel prices, increasing operating costs for agricultural products entities. Therefore, energy efficiency gained through process improvements can lower operating costs. The trade-off between on-site versus grid-sourced electricity as well as the use of alternative energy can play important roles in influencing both the long-term cost and reliability of an entity’s energy supply and the extent of regulatory impact from direct versus indirect emissions.
More",Food & Beverage,Agricultural Products
Water & Wastewater Management,Water Management,"The Agricultural Products industry relies on water for processing activities, and entities in the industry also typically generate wastewater or effluent. The availability of water, because of physical availability or regulatory access, directly
impacts the industry’s ability to operate processing facilities efficiently. Entities in the industry increasingly are exposed to water-related risks and regulations, which may increase capital expenditure costs, operating costs, remediation costs or potential fines. Entities can manage water-related risks and opportunities and mitigate long-term costs through capital investments and assessment of facility locations relative to water scarcity risks, improvements to operational efficiency, and work with regulators and communities on issues related to water access and effluent. A separate supply chain-oriented topic, Ingredient Sourcing, addresses the risks related to crop production driven by water availability and access.
More",Food & Beverage,Agricultural Products
Product Quality & Safety,Food Safety,"Agricultural products are either sold directly to consumers in raw form or are processed beforehand. Maintaining product quality and safety is critical because contamination by pathogens, chemicals or spoilage presents serious health risks to humans
and animals. Contamination may result from poor farming, transport, storage or handling practices. Food quality and safety issues can result in changes in demand and regulatory action. Product recalls can harm brand reputation, reduce revenues and involve costly fines. Obtaining food safety certifications and ensuring suppliers follow food safety guidelines may help entities safeguard against product safety risks and improve consumers’ perceived quality of their products.
More",Food & Beverage,Agricultural Products
Employee Health & Safety,Workforce Health & Safety,"Industrial processes used in the Agricultural Products industry present significant occupational hazards. Employees may be engaged in labour-intensive activities involving common hazards such as falls, transportation accidents, equipment-related
accidents, and heat-related illness or injury, among others. Violations of health and safety standards could result in regulatory penalties and costs for corrective actions. High injury and fatality rates may suggest that an entity has a weak governance structure and a weak workplace safety culture and could result in significant reputational harm. Strong performance on managing workforce health and safety can help build brand image and promote worker morale, which may result in increased productivity, reduced worker turnover and enhanced community relations.
More",Food & Beverage,Agricultural Products
Supply Chain Management,Environmental & Social Impacts of Ingredient Supply Chain,"Agricultural products entities source agricultural inputs from many suppliers. How entities in the industry engage with suppliers on environmental and social issues may affect consumer demand, reputational risks, and the ability of entities to
effectively manage their crop supply and respond to price fluctuations. Supply chain management issues related to labour, environmental practices, ethics or corruption may result in regulatory fines or increased long-term operational costs for entities. Similarly, agricultural products entities may face reputational damage if their suppliers perform poorly on environmental or social issues. Entities can mitigate these risks and potentially increase consumer demand or access new market opportunities by engaging with essential suppliers to implement sustainable agricultural practices or source from certified suppliers.
More",Food & Beverage,Agricultural Products
Supply Chain Management,GMO Management,"Agricultural products developed using genetically modified organism (GMO) technology have experienced increasing consumer interest. In many cases, GMO technology has enabled improvements in crop yield through development of disease- or
drought-resistant strains, but consumer concerns persist regarding the perceived health, environmental or social impacts related to the cultivation and consumption of GMOs. Some jurisdictions have banned the use or cultivation of GMOs. Food and beverage entities along the food supply chain, including entities in the Agricultural Products industry, are seeking effective means to assess GMO-related risks and opportunities, and to effectively communicate with consumers on the topic. Entities in the Agricultural Products industry that can meet changing consumer trends and regulatory changes through their products or effective communication may reduce potential reputational risks and revenue loss as well as access new market opportunities.
More",Food & Beverage,Agricultural Products
Materials Sourcing & Efficiency,Ingredient Sourcing,"Agricultural products entities source a wide variety of commodities and ingredients from farmers or intermediary distributors. The industry’s ability to reliably source ingredients at desired price points fluctuates with crop yield, which may be
affected by climate change, water scarcity, land management and other resource scarcity considerations. Entities that source more productive and less resource-intensive crops, or those that work closely with suppliers to increase their adaptability to climate change and other resource scarcity risks, may reduce crop price volatility and crop supply disruptions. Additionally, entities may improve their brand reputation and develop new market opportunities. Failure to effectively manage sourcing risks can result in higher costs of capital, reduced margins and constrained revenue growth.
More",Food & Beverage,Agricultural Products
Energy Management,Energy Management,"Entities in the Alcoholic Beverages industry rely on both fuel and purchased electricity as critical inputs. Fossil fuel and electrical energy consumption can contribute to negative environmental impacts, including climate change and pollution. These
impacts have the potential to affect the value of entities in this industry since greenhouse gas (GHG) emissions regulations and new incentives for energy efficiency and renewable energy could result in increased fossil fuels and conventional electricity price volatility, while making alternative sources more cost-competitive. Entities that manage for increased energy efficiency and use alternative energy sources may increase profitability by reducing both expenses and risks.
More",Food & Beverage,Alcoholic Beverages
Water & Wastewater Management,Water Management,"Water management includes an entity’s direct water use, exposure to water scarcity and management of wastewater. Entities in the Alcoholic Beverages industry use a large amount of water in their operations, since water is a key input for their
finished products. Given alcoholic beverage entities’ heavy reliance on large volumes of clean water and water scarcity is increasing in different regions globally, entities may be exposed to supply disruptions that could significantly impact operations and increase costs. Entities operating in water-stressed regions that fail to address local water concerns may risk losing their social license to operate. Improving water management through increased efficiency and recycling, particularly in regions with baseline water stress, can result in lower operating costs, reduced risks and higher intangible asset value.
More",Food & Beverage,Alcoholic Beverages
Selling Practices & Product Labeling,Responsible Drinking & Marketing,"The irresponsible consumption of alcoholic beverages can lead to negative social externalities such as drunk driving, addiction, underage drinking, death and many other public health issues. Every year, alcohol consumption contributes to millions of
deaths worldwide, including a sizeable proportion of underage youth and young adults. The harmful use of alcohol presents an acute concern in countries that lack strong laws to protect against alcohol’s detrimental effects. Entities may be required to internalise the costs of these social externalities through taxes, lawsuits, or reputational harm, which can have substantial financial consequences. Failing to effectively manage social externalities may result in unfavourable regulation and impair the entity’s social licence to operate. Through education, engagement, community partnerships and responsible marketing, particularly to underage individuals, entities can address and mitigate many of the social externalities associated with alcohol misuse. Entities that effectively manage this issue can reduce the likelihood of extraordinary expenses, improve market share and decrease liabilities.
More",Food & Beverage,Alcoholic Beverages
Product Design & Lifecycle Management,Packaging Lifecycle Management,"Packaging materials represent a significant cost to entities in the Alcoholic Beverages industry. Although many alcoholic beverage entities do not manufacture their own bottles and packaging, they face reputational risks associated with the negative
externalities that their products’ containers are associated with over their lifecycle. Entities are also directly affected by legislation regarding end-of-life management of beverage containers. Alcoholic beverage entities can work with packaging manufacturers on packaging design to generate cost savings, improve brand reputation and reduce the environmental impact of packaging. Efforts to reduce the amount of material used in packaging can reduce transportation costs, exposure to supply and price volatility and the amount of virgin material extracted for manufacturing. In the end-of-life phase, take-back and recycling programmes and partnerships can meet regulations, help achieve cost savings and reduce environmental impacts. Entities that effectively manage this issue can improve profitability and reduce the cost of capital.
More",Food & Beverage,Alcoholic Beverages
Supply Chain Management,Environmental & Social Impacts of Ingredient Supply Chain,"Entities in the Alcoholic Beverages industry manage global supply chains to source a wide range of ingredient inputs. How entities screen, monitor and engage with suppliers on environmental and social topics affects entities’ ability to secure supply
and manage price fluctuations. Supply chain interruption can cause loss of revenue and negatively impact market share if entities are unable to find alternatives for key suppliers or must source ingredients at a higher cost. Supply chain management issues related to labour practices, environmental responsibility, ethics or corruption may also result in regulatory fines or increased long-term operational costs. The consumer-facing nature of the industry increases the reputational risks associated with supplier actions. Managing an entity’s exposure to environmental and social risks may improve supply chain resiliency and enhance an entity’s reputation. Entities can engage with key suppliers to manage environmental and social risks to improve supply chain resiliency, mitigate reputational risks and potentially increase consumer demand or capture new market opportunities.
More",Food & Beverage,Alcoholic Beverages
Materials Sourcing & Efficiency,Ingredient Sourcing,"Entities in the Alcoholic Beverages industry source a wide range of ingredients, largely agricultural inputs, from suppliers worldwide. The industry’s ability to source ingredients fluctuates with supply availability, which may be affected by climate
change, water scarcity, land management and other resource scarcity considerations. This exposure can result in price volatility and can affect entity profitability. Ultimately, climate change, water scarcity and land-use restriction present risks to an entity’s long-term ability to source key materials and ingredients. Entities that source ingredients that are more productive, effectively cultivated and less resource-intensive, or those that work closely with suppliers to increase their adaptability to climate change and manage exposure to other resource scarcity risks may reduce price volatility or supply disruptions.
More",Food & Beverage,Alcoholic Beverages
GHG Emissions,Fleet Fuel Management,"Entities in the Food Retailers & Distributors industry own and operate vehicle fleets to deliver products between its distribution and retail locations. The fuel consumption of vehicle fleets is a significant industry expense, both in terms of
operating costs and associated capital expenditures. Fossil fuel consumption can contribute to environmental impacts, including climate change and pollution. These environmental impacts may affect food retailers and distributors through regulatory exposure. Efficiencies gained in fuel use can reduce costs, mitigate exposure to fossil fuel price volatility and limit the carbon footprint associated with storage and transportation. Short-term capital expenditures in fuel-efficient fleets and more energy efficient technologies may be outweighed by long-term operational savings and decreased exposure to regulatory risks.
More",Food & Beverage,Food Retailers & Distributors
GHG Emissions,Air Emissions from Refrigeration,"Emissions of refrigeration chemicals from equipment used to store and display perishable foods pose unique regulatory risks for the Food Retailers & Distributors industry. International regulations on hydrochlorofluorocarbons (HCFCs) aim to mitigate
damage by HCFCs to the earth’s ozone layer. Additionally, many common HCFCs and hydrofluorocarbons (HFCs) are highly potent greenhouse gases (GHGs), which increases the industry’s exposure to climate change-related regulations. Regulators can assess penalties on entities that violate emissions standards. Entities may be required to upgrade or replace equipment, making capital expenditures to reduce emissions or replace existing refrigerants with potentially costlier but less environmentally-damaging alternatives.
More",Food & Beverage,Food Retailers & Distributors
Energy Management,Energy Management,"Food retail and distribution facilities are typically more energy-intensive than other types of commercial spaces. These facilities use energy predominately for refrigeration, heating, ventilation and air conditioning (HVAC), as well as
lighting. Entities in the industry generally purchase the majority of consumed electricity, while some are beginning to generate energy on-site or add renewable energy into their energy mix. Energy production and consumption contribute to environmental impacts, including climate change and pollution, which have the potential to indirectly, yet materially, impact the operations of food retailers and distributors. Entities that manage to increase energy efficiency and use alternative energy sources may increase profitability by reducing expenses and decreasing risk.
More",Food & Beverage,Food Retailers & Distributors
Waste & Hazardous Materials Management,Food Waste Management,"The Food Retailers & Distributors industry generates food waste at various stages of operation. Food waste includes edible or otherwise useful food that does not reach consumers, as well as foods that spoil or are damaged during transportation or
stocking or while sitting on store shelves. For entities, food waste represents losses of both saleable merchandise and resources used in food production, including land, water, labour, energy and agricultural chemicals. Food waste also contributes to food insecurity and can generate greenhouse gas (GHG) emissions during landfill decomposition. Effective food waste management can present financial opportunities to reduce costs associated with inventory loss, as well as help improve food security by more efficiently diverting food resources for beneficial purposes.
More",Food & Beverage,Food Retailers & Distributors
Data Security,Data Security,"Through electronic payment transactions, food retailers establish a relationship of trust with consumers who share their personal financial data with them. Data breaches can occur through breaches of the physical payment technology, called
point-of-sale breaches, as well as through attacks on cybersecurity infrastructure. Data breaches that result in the theft or loss of customers’ personal data undermine trust in an entity’s ability to securely manage confidential information. This loss of confidence could result in reduced number of customer visits, lower revenues and diminished brand value. Retailers with strong technological and managerial systems to avoid data breaches and respond to threats effectively can position themselves favourably with customers and reduce the risk of litigation and other costs.
More",Food & Beverage,Food Retailers & Distributors
Product Quality & Safety,Food Safety,"Maintaining product quality and safety is crucial for the Food Retailers & Distributors industry, since contamination by pathogens, hazardous substances or spoilage can present risks to human health. Contamination can occur at any stage in the food
value chain, including food production, processing, transportation, distribution and retail. Although entities may not be directly responsible for all food safety and recall incidents, they are involved in the process and still may experience consequences associated with incidents, such as financial ramifications, damage to brand value, lower revenues and increased costs. Measures to prevent spoilage and contamination include temperature control, frequent food inspection and careful supplier selection.
More",Food & Beverage,Food Retailers & Distributors
Customer Welfare,Product Health & Nutrition,"Consumer awareness of food content and nutritional value and their relationship to health, shapes the industry’s competitive landscape. Demand for food products that are made with natural ingredients, certified to be organic, low-fat or low-sugar, or
produced without genetically modified organisms (GMOs) can create opportunities for entities. Although the links between consumer health and some foods are not well-established, consumers have nonetheless shown preferences for food categories that are perceived to be healthier than others. Food retailers that recognise the risks and opportunities presented by consumers’ shifting preferences and adapt to consumer demands may be better positioned to capture opportunities for increasing revenue and market share.
More",Food & Beverage,Food Retailers & Distributors
Selling Practices & Product Labeling,Product Labelling & Marketing,"Communication with consumers through product labelling and marketing is an important facet of food retail. The accuracy and depth of information presented in food labelling is important to shoppers and regulators. Labelling is especially relevant for
the sale of private-label products manufactured for food retailers, with direct consequences on brand reputation. To inform purchasing decisions, consumers may seek additional information about product ingredients, such as the presence of genetically modified organism (GMO) content or other ingredients considered healthy or nutritious. These issues can affect competition among entities in the industry, since entities may be subject to litigation or criticism resulting from making misleading statements or failing to adapt to consumer demand for increased labelling transparency. These factors can have consequences on retailers’ brand value and revenue growth. Regulations addressing the accurate labelling of products and their ingredients present an additional risk of penalties or litigation for entities.
More",Food & Beverage,Food Retailers & Distributors
Labour Practices,Labour Practices,"The Food Retailers & Distributors industry employs many hourly workers. Low average wages in the industry, which help entities maintain low prices for products, may result in labour-related risks. Worker dissatisfaction with wages and
benefits, combined with high unionisation rates, can result in strikes which can in turn lead to business disruption and reputational damage. Additionally, entities that are involved in gender and racial discrimination cases can experience costly financial settlements. Entities may benefit from taking a long-term perspective on managing workers, including their pay and benefits, in a way that protects the rights of workers and enhances their productivity and strengthens the entity’s reputation and brand value.
More",Food & Beverage,Food Retailers & Distributors
Supply Chain Management,Management of Environmental & Social Impacts in the Supply Chain,"Food retailers and distributors source merchandise from a wide range of manufacturers. These suppliers face a myriad of sustainability-related challenges that include resource conservation, water scarcity, animal welfare, fair labour practices and
climate change. When poorly managed, these issues can affect the price and availability of food. Additionally, consumers increasingly are concerned with the production methods, origins and externalities associated with the foods they purchase, which may affect an entity’s reputation. Food retailers and distributors also can work with suppliers on packaging design to generate cost savings in transport, improve brand reputation and reduce environmental impact. Entities that can manage effectively product supply risks by assessing and engaging with suppliers, implementing sustainable sourcing guidelines and enhancing supply chain transparency positioned more advantageously to improve supply chain resiliency, mitigate reputational risks, and potentially increase consumer demand or capture new market opportunities.
More",Food & Beverage,Food Retailers & Distributors
GHG Emissions,Greenhouse Gas Emissions,"The Meat, Poultry & Dairy industry generates significant Scope 1 greenhouse gas (GHG) emissions from both livestock and energy-intensive industrial processes. GHG emissions contribute to climate change and create additional regulatory compliance
costs and risks for meat, poultry and dairy entities because of climate change mitigation policies. The majority of the industry’s emissions stem directly from the animals themselves through the release of methane during enteric fermentation, and from manure storage and processing. The direct emissions from raising and producing livestock represent a significant portion of total GHG emissions released among all sources. Currently, these emissions sources are not regulated widely, which presents uncertainties regarding the future of GHG regulations for the industry. Entities in this industry also use large quantities of fossil fuels to meet energy needs, generating additional direct GHG emissions and increasing exposure to regulatory risks. Future emission regulations could result in additional operating or compliance costs. By implementing new technologies to capture animal emissions and focusing on energy efficiency, entities may mitigate regulatory risk and volatile energy costs while also limiting GHG emissions.
More",Food & Beverage,"Meat, Poultry & Dairy"
Energy Management,Energy Management,"The Meat, Poultry & Dairy industry relies heavily on purchased electricity and fuel as critical inputs for value creation. Entities’ use of electricity and fossil fuels in their operations results in indirect and direct greenhouse gas
(GHG) emissions, which contribute to environmental impacts, including climate change and pollution. Purchased electricity is a significant operating cost for meat, poultry and dairy entities. Efficient energy usage is essential to maintain a competitive advantage in this industry, as purchased fuels and electricity account for a significant portion of total production costs. Decisions regarding alternative fuels use, renewable energy and on-site electricity generation versus purchasing from the grid can influence both the costs and the reliability of the energy supply.
More",Food & Beverage,"Meat, Poultry & Dairy"
Water & Wastewater Management,Water Management,"The Meat, Poultry & Dairy industry is water-intensive both in raising livestock and industrial processing. Additionally, entities in the industry typically generate wastewater or effluent, from both animal production and processing activities. As
water scarcity becomes an issue of growing importance because of population growth, increasing consumption per capita, poor water management and climate change, entities in the industry may face higher operational costs or lost revenues because of water shortages or regulations resulting in production reduction. Entities can manage water-related risks and opportunities through capital investments and assessment of facility locations relative to water scarcity risks, improvements to operational efficiency, and partnerships with regulators and communities on issues related to water access and effluent.
More",Food & Beverage,"Meat, Poultry & Dairy"
Ecological Impacts,Land Use & Ecological Impacts,"Meat, Poultry & Dairy industry operations have diverse ecological impacts, primarily because of significant land-use requirements to raise livestock and the contamination of the air, land and groundwater by animal waste. While the impacts are
varied, both traditional and confined animal feeding operations may result in significant ecological impacts. The primary concern from confined animal feeding operations and animal-product processing facilities is the generation of large and concentrated amounts of waste and pollutants. Treating effluent and waste from facilities involves significant costs. Non-confined animal feeding operations require large tracts of pastureland and may result in the physical degradation of land resources. Land use and ecological impacts pose legal and regulatory risks in the form of fines, litigation and difficulties obtaining permits for facility expansions or waste discharges.
More",Food & Beverage,"Meat, Poultry & Dairy"
Product Quality & Safety,Food Safety,"Meat, poultry and dairy products are either sold directly to consumers (for example, milk or eggs) or are processed into a wide variety of foods. Maintaining product quality and safety is crucial because contamination by pathogens, chemicals or
spoilage presents serious health risks to humans and animals. Food safety practices and procedures in the industry are often subject to intense scrutiny and oversight, and outbreaks of diseases among livestock may result in increased regulation. Product recalls can harm brand reputation, reduce revenues and lead to costly fines. Recalls can also increase regulatory scrutiny, which may lead to trade restrictions. Obtaining food safety certifications and ensuring suppliers follow food safety guidelines may help entities safeguard against product safety risks and improve consumers’ perceived quality of their products.
More",Food & Beverage,"Meat, Poultry & Dairy"
Customer Welfare,Antibiotic Use in Animal Production,"In livestock production, prevalent use of antibiotics that are also administered to humans may promote the development of antibiotic-resistant strains of bacteria. Although the use of antibiotics in animal feed or water supplies can improve the
output of animal production and enhance animal welfare in industrial farm settings, entities in the industry must balance these benefits against the potential public health risks. The use of antibiotics in animal production presents reputational and regulatory risks, both of which can affect long-term profitability through effects on demand and market share for meat, poultry and dairy producers. Depending on the animal species, entities in the industry may have varying degrees of control over, and management approaches to, this issue. Entities may have direct control over the feed and medicine administered by contract suppliers in some instances but may set requirements for suppliers more broadly in others.
More",Food & Beverage,"Meat, Poultry & Dairy"
Employee Health & Safety,Workforce Health & Safety,"The Meat, Poultry & Dairy industry has relatively high injury rates compared with other industries given the prevalence of industrial machinery, chemicals, and a fast-paced, loud working environment. Common acute and chronic industrial hazards
include musculoskeletal disorders, exposure to chemicals and pathogens, and traumatic injuries from machines and tools. Worker injuries or deaths may result in low worker morale and productivity, and prohibitive legal, financial and reputational risks to the entity. Regulators may levy fines against entities for worker health and safety standard non-compliance or mandate employee training to reduce preventable accidents. By developing a strong safety culture and reducing employees’ exposure to potentially harmful situations, an entity can safeguard against accidents and proactively improve workforce health and safety.
More",Food & Beverage,"Meat, Poultry & Dairy"
Product Design & Lifecycle Management,Animal Care & Welfare,"Entities in the Meat, Poultry & Dairy industry are especially sensitive to changes in the public perception of animal welfare. Entities perceived to be causing unnecessary cruelty to animals may face increased risk of fines, damage to brand
reputation and regulatory restrictions, such as mandated factory closures. Pressure from consumers and advocacy groups can drive shifts in industry practices such as reducing the use of small enclosures. Entities that anticipate or adapt to these trends effectively may increase market share by capturing new markets as they emerge, or by being the first to comply with new regulations.
More",Food & Beverage,"Meat, Poultry & Dairy"
Supply Chain Management,Environmental & Social Impacts of Animal Supply Chain,"Entities in the Meat, Poultry & Dairy industry rely on a variety of contract farmers and suppliers. Environmental and social impacts within the industry’s supply chain include those related to deforestation, land use and waste management, water
withdrawals, animal welfare, antibiotic usage and food safety. An entity’s management of environmental and social risks relating to its animal supply chain is critical to secure a steady source of animals at desired price points and prevent reputational damage, all of which may decrease revenue and market share.
More",Food & Beverage,"Meat, Poultry & Dairy"
Materials Sourcing & Efficiency,Animal & Feed Sourcing,"Meat, poultry and dairy entities source animal and animal feed from a range of suppliers depending on animal species. The industry’s ability to reliably source animals and animal feed at desired price points may be affected by climate change, water
scarcity, land management and other resource scarcity considerations. Entities that select and work with suppliers who are less resource-intensive and who actively manage adaptation to climate change and other resource scarcity risks, may reduce price volatility and supply disruptions. Additionally, such entities may improve their brand reputation and develop new market opportunities. Failure to effectively manage sourcing risks may result in higher costs of capital, reduced margins and constrained revenue growth.
More",Food & Beverage,"Meat, Poultry & Dairy"
GHG Emissions,Fleet Fuel Management,"Non-alcoholic beverages entities generate direct Scope 1 greenhouse gas (GHG) emissions from large vehicle fleets used for distribution and from manufacturing facilities. Specifically, refrigeration used in manufacturing facilities and in transport
vehicles contributes a significant proportion of overall industry emissions. Efficiencies gained in fuel use can reduce costs, mitigate exposure to fossil fuel price volatility and limit emissions from production, storage and transportation of products. Long-term operational savings and regulatory risk mitigation may outweigh short-term capital expenditures in fuel efficient fleets and more energy-efficient technologies.
More",Food & Beverage,Non-Alcoholic Beverages
Energy Management,Energy Management,"Entities in the Non-Alcoholic Beverages industry use significant energy to operate manufacturing facilities, distribution centres and warehouses. Entities in the industry generally buy electricity from the grid. Energy generation contributes to
environmental impacts, including climate change and pollution, which have the potential to indirectly, yet materially, affect the operations of non-alcoholic beverages entities. Entities can reduce energy consumption and associated greenhouse gas (GHG) emissions from their operations by implementing more efficient technologies and processes. Decisions regarding alternative fuels use, renewable energy and on-site generation of electricity, versus purchasing from the grid, can be important in influencing both the costs and reliability of the energy supply.
More",Food & Beverage,Non-Alcoholic Beverages
Water & Wastewater Management,Water Management,"Water management relates to an entity’s direct water use, operations in water-stressed regions, and wastewater management. Entities in the Non-Alcoholic Beverages industry use a large amount of water in their operations, because water is an essential
input to finished products. Given non-alcoholic beverage entities’ heavy reliance on large volumes of clean water, and increasing global water scarcity, entities may be exposed to supply disruptions that could significantly affect operations and add to costs. Entities operating in water-stressed regions that fail to address local water concerns may face further risk of losing their social licence to operate. Additionally, proper wastewater treatment is an important element of managing water issues in operations, because bottling plants release large quantities of effluents. Improving water management through increased efficiency, recycling and proper disposal, particularly in regions with baseline water stress, may result in reduced operating costs, decreased risks and higher intangible asset value.
More",Food & Beverage,Non-Alcoholic Beverages
Customer Welfare,Health & Nutrition,"Nutritional and health concerns such as obesity, ingredient safety, nutritional content and adverse health impacts resulting from the consumption of non-alcoholic beverages are important factors in how entities compete with one another. Studies show
that consuming high-calorie sugar-sweetened beverages can have adverse health consequences including higher levels of cholesterol, increased risk of heart disease and obesity. These findings may alter consumer perceptions of the industry’s products, leading to long-term shifts in purchasing decisions. Furthermore, efforts to reduce obesity, such as regulations or taxes on sugar-sweetened beverages, can influence industry profitability and demand for products. The potential for adverse health effects from other commonly used ingredients—such as artificial sweeteners—may pose additional health concerns, and entities may face related litigation or regulation. Consumer demand for improved nutritional value in emerging market segments creates new opportunities. Entities that adapt to changing consumer preferences and an evolving regulatory environment by offering healthier alternatives may capture additional market share and reduce exposure to regulatory and legal risks.
More",Food & Beverage,Non-Alcoholic Beverages
Selling Practices & Product Labeling,Product Labelling & Marketing,"Communication with consumers through product labelling and marketing is an important facet of the Non-Alcoholic Beverages industry. The accuracy and depth of information presented on product labels is important to consumers and regulators. Labelling
regulations require specific and detailed product information to ensure food safety and inform consumers of the nutritional content of products. To inform purchasing decisions, consumers may seek additional information about product ingredients, such as the presence of genetically modified organism (GMO) content or other ingredients considered healthy or nutritious. The marketing practices of entities are another area of public concern, especially those targeting children or presenting potentially false or misleading nutritional information. Product labelling and marketing issues can affect competition among entities, since entities may be subject to litigation or criticism resulting from making misleading statements or failing to adapt to consumer demand for increased labelling transparency. These factors can have consequences for entities’ brand value and revenue growth. Regulations on accurate and truthful product labelling and marketing present an additional risk of penalties or litigation for entities making exaggerated or untrustworthy claims.
More",Food & Beverage,Non-Alcoholic Beverages
Product Design & Lifecycle Management,Packaging Lifecycle Management,"Packaging materials represent a significant cost to entities in the Non-Alcoholic Beverages industry. Although many non-alcoholic beverage entities do not manufacture their own bottles and packaging, they face reputational risks associated with the
negative externalities that their products’ containers are associated with over their lifecycle. Entities are also directly affected by legislation regarding end-of-life management of beverage containers. Entities can work with packaging manufacturers on packaging design to reduce costs, improve brand reputation and reduce the environmental impact of packaging. Efforts to reduce the amount of material used in packaging can reduce transportation costs, exposure to supply and price volatility and the amount of virgin material extracted for manufacturing. In the end-of-life phase, take-back and recycling programmes and partnerships may meet regulations, help achieve cost savings and reduce environmental impacts. Entities that effectively manage this issue can improve profitability and reduce the cost of capital.
More",Food & Beverage,Non-Alcoholic Beverages
Supply Chain Management,Environmental & Social Impacts of Ingredient Supply Chain,"Entities in the Non-Alcoholic Beverages industry manage global supply chains to source a wide range of ingredient inputs. How entities screen, monitor and engage with suppliers on environmental and social topics affects the ability of entities to
secure supplies and manage price fluctuations. Supply chain interruption can reduce revenue and negatively affect market share if entities are unable to find alternatives for important suppliers or must source ingredients at higher cost. Supply chain management issues related to labour practices, environmental responsibility, ethics or corruption also may result in regulatory fines or increased long-term operational costs for entities. The consumer-facing nature of the industry increases the reputational risks associated with supplier actions. Managing an entity’s exposure to environmental and social risks may result in improved supply chain resiliency and enhanced reputation, which provide value to shareholders. Entities can engage with important suppliers to manage environmental and social risks to improve supply chain resiliency, mitigate reputational risks, and potentially increase consumer demand or capture new market opportunities.
More",Food & Beverage,Non-Alcoholic Beverages
Materials Sourcing & Efficiency,Ingredient Sourcing,"Entities in the Non-Alcoholic Beverages industry source a wide range of ingredients from suppliers worldwide. The industry’s ability to source ingredients fluctuates with supply availability, which may be affected by climate change, water
scarcity, land management and other resource scarcity considerations. This exposure may result in price volatility which may affect entity profitability. Ultimately, climate change, water scarcity and land-use restrictions present risks to an entity’s long-term ability to source essential materials and ingredients. Entities that source ingredients which are more productive and less resource intensive, or work closely with suppliers to increase their adaptability to climate change and other resource scarcity risks, may reduce price volatility or supply disruptions.
More",Food & Beverage,Non-Alcoholic Beverages
Energy Management,Energy Management,"The Processed Foods industry is reliant on energy and fuel as primary inputs for value creation in manufacturing food products. Energy is needed to operate large manufacturing facilities for cooking, refrigeration and packaging. Energy production and
consumption contributes to significant environmental impacts, including climate change and pollution, which have the potential indirectly, yet materially, to affect processed food entity operations. Energy efficiency in production and distribution can mitigate exposure to volatile energy costs and limit an entity’s contribution to direct and indirect greenhouse gas (GHG) emissions. Producers may be able to reduce the risk posed by volatile fossil fuel energy costs—particularly natural gas, which the industry uses heavily—by diversifying their energy portfolio across a range of sources. Decisions regarding alternative fuels use, renewable energy and on-site generation of electricity versus purchasing from the grid, may influence both the costs and reliability of the energy supply.
More",Food & Beverage,Processed Foods
Water & Wastewater Management,Water Management,"Processed Foods entities rely on a reliable water supply for cooking, processing and cleaning finished goods. Additionally, entities in the industry generate and must manage the wastewater discharge from processing activities. As water scarcity
becomes an issue of increasing importance, processed foods entities—operating in water-stressed regions—may face increasing operational risks. Entities in the industry may face higher operational costs as well as water shortages because of the physical availability or more stringent regulations. Entities can manage water-related risks and opportunities through capital investments and assessment of facility locations relative to water scarcity risks, improvements to operational efficiency, and partnerships with regulators and communities on issues related to water access and effluent.
More",Food & Beverage,Processed Foods
Product Quality & Safety,Food Safety,"As it relates to production quality, spoilage, contamination, supply chain traceability and allergy labelling, food safety can significantly affect entities in the Processed Foods industry. Food safety recalls can happen for numerous
reasons, including packaging defects, food contamination, spoilage and mislabelling. Food safety issues that arise within an entity’s supply chain often result in recalls of final products, with consequences on the brand reputation, operations and revenue of entities. Supply chain traceability is a major concern for entities in the industry. Poor management of food quality and safety may impair brand value, reduce revenues and increase costs associated with recalls, fines, lost inventory or litigation. Obtaining food safety certifications and ensuring suppliers meet food safety guidelines may help entities in the industry safeguard product safety and communicate the quality of their products to retailers and consumers.
More",Food & Beverage,Processed Foods
Customer Welfare,Health & Nutrition,"Nutritional and health concerns such as obesity, ingredient safety and nutritional value are important factors in how entities compete with one another. The health and nutritional characteristics of products and ingredients are of growing concern to
both consumers and regulators, increasing the potential for these issues to affect an entity’s reputation and licence to operate. New regulations, including taxes on processed foods, may affect industry profitability and pose long-term risks in the form of reduced demand for the industry’s products. Entities that adapt to changing consumer preferences to promote healthier, more nutritious offerings may be able to address consumer demand in emerging market segments and avoid risks associated with potential regulation.
More",Food & Beverage,Processed Foods
Selling Practices & Product Labeling,Product Labelling & Marketing,"Communication with consumers through product labelling and marketing is an important facet of the Processed Foods industry. The accuracy and depth of information presented in food labelling is important to consumers and regulators. Labelling
regulations require specific and detailed product information to ensure food safety and inform consumers of the nutritional content of products. To inform purchasing decisions, consumers may seek additional information about product ingredients, such as the presence of genetically modified organism (GMO) content, or about the methods used in product manufacturing. The marketing practices of entities are another area of public concern, especially those targeting children or presenting potentially false or misleading nutritional information. Product labelling and marketing issues can affect competition among entities, since entities may be subject to litigation or criticism resulting from misleading statements or failing to adapt to consumer demand for increased labelling transparency. Additionally, adherence to product labelling and marketing regulations may introduce near-term costs and may reduce the risk of penalties or litigation. All these factors can impact an entity’s brand value, operating costs and revenue growth.
More",Food & Beverage,Processed Foods
Product Design & Lifecycle Management,Packaging Lifecycle Management,"Packaging materials represent a major business cost and contribute to the environmental footprint of entities in the Processed Foods industry. Each stage of a package’s lifecycle, including design, transportation and disposal, presents unique
environmental challenges and opportunities. Entities are also affected by legislation regarding allowable packaging materials or packaging end-of-life management. Entities can work with packaging manufacturers on packaging design to reduce costs, improve brand reputation and reduce the environmental impact of packaging. Innovations such as developing lightweight materials may also result in reduced goods transportation costs. Other innovations can improve end-of-life management of products, such as using recyclable or compostable materials, which may mitigate potential risks related to costs and compliance.
More",Food & Beverage,Processed Foods
Supply Chain Management,Environmental & Social Impacts of Ingredient Supply Chain,"Entities in the Processed Foods industry manage global supply chains to source a wide range of ingredient inputs. How entities screen, monitor and engage with suppliers on environmental and social topics affects the ability of entities to maintain
steady supplies and manage price fluctuations. Supply chain management issues related to labour and environmental practices, ethics or corruption also may result in regulatory fines or increased long-term operational costs for entities. The consumer-facing nature of the industry increases the reputational risks associated with supplier performance. Entities can engage with important suppliers to manage environmental and social risks to improve supply chain resiliency, mitigate reputational risks, potentially increase consumer demand, or capture new market opportunities.
More",Food & Beverage,Processed Foods
Materials Sourcing & Efficiency,Ingredient Sourcing,"Entities in the Processed Foods industry source a wide range of ingredients, largely agricultural inputs, from global suppliers. The industry’s ability to source ingredients, and at some price points, fluctuates with supply availability, which may be
affected by climate change, water scarcity, land management and other resource scarcity considerations. This exposure may cause price volatility which may affect entity profitability. Climate change, water scarcity and land-use restrictions present risks to an entity’s long-term ability to source essential materials and ingredients. Entities that source ingredients which are more productive and less resource-intensive, or coordinate with suppliers to increase their adaptability to climate change and other resource scarcity risks, may reduce price volatility and supply disruptions.
More",Food & Beverage,Processed Foods
Energy Management,Energy Management,"Restaurant operations have high energy intensity compared with other commercial building operations. Commercial kitchen appliances are energy intensive, and dining areas typically are temperature-controlled for customers. Fossil fuel-based energy
production and consumption contribute to significant environmental impacts, including climate change and air pollution, which have the potential indirectly, yet materially, to affect restaurant operations. Regulations on greenhouse gas (GHG) emissions pricing or regulatory incentives for energy efficiency improvements and renewable energy affect conventional and renewable energy prices. Entities that manage energy consumption at entity-owned and franchise locations can decrease operational costs through energy efficiency upgrades and limit exposure to GHG emissions regulations by using renewable energy resources.
More",Food & Beverage,Restaurants
Water & Wastewater Management,Water Management,"Water is used in restaurant operations, from cooking and dishwashing to cleaning. The restaurant type, size and equipment all affect water use. Restaurants located in water-stressed regions may be exposed to water usage restrictions or face high
water costs. Long-term historical increases in the costs of water, and expectations around continued increases because of overconsumption and constrained supplies resulting from population growth, pollution and climate change, indicate the increasing importance of effective water management. Entities can reduce water use and associated operational costs by implementing water-efficient practices and using water-efficient commercial kitchen equipment.
More",Food & Beverage,Restaurants
Waste & Hazardous Materials Management,Food & Packaging Waste Management,"Restaurants produce waste in two main forms: food and packaging. The food preparation process as well as food unconsumed generate food waste. Food waste results in resource loss such as water, energy, land, labour and capital, and produces GHG
emissions because of decomposition. Moreover, food ingredient deliveries to restaurants are a significant source of packaging waste. Packaging waste includes packaging received from suppliers and packaging discarded by consumers. In addition, limited-service restaurants make heavy use of disposable tableware to serve customers. Applicable jurisdictional laws or regulations around packaging may continue evolving to reduce packaging or improve recyclability or biodegradability of packaging. Entities that can anticipate new regulations may witness not only a positive effect on brand reputation, but they also may reduce their compliance costs. Entities can reduce waste handling costs and improve operational efficiency by reducing waste through various methods, including food recovery, diverting waste from landfills and packaging reclamation programmes.
More",Food & Beverage,Restaurants
Product Quality & Safety,Food Safety,"Both food preparation methods and the quality of ingredients can impact food safety in the Restaurants industry. Restaurant food safety is especially challenging to manage with a broad supply chain. The global nature of the industry as well as the
franchising model make ensuring the safety of food supplies difficult for restaurant entities. Failure to monitor the quality of supplied products may increase an entity’s risk of supply disruptions as well as negative publicity. Food safety issues, such as foodborne illness concerns, in either entity-owned or franchise-operated locations can affect a restaurant’s reputation. Reputational damage from food safety issues tends to have long-term consequences. Entities that adhere to industry standards for food preparation and safety may protect shareholder value better.
More",Food & Beverage,Restaurants
Customer Welfare,Nutritional Content,"Public health concerns around obesity have focused on the Restaurants industry. Restaurants are increasingly encouraged to improve the nutritional content of menu offerings and to increase transparency around the content of menu offerings, such as
publishing calorie counts. Demand in the Restaurants industry is increasingly driven by consumer preferences for choices that are more healthful. Entities that can offer more nutritious menu options may capture new markets for health-conscious consumers and improve consumer market share. A higher share of nutritious options may have a beneficial effect on an entity’s reputation and revenue growth in the long term.
More",Food & Beverage,Restaurants
Labour Practices,Labour Practices,"The Restaurants industry is labour-intensive, and many of the staff are hourly, part-time or seasonal workers. The industry is among the top job creators and is an entry point for young and migrant workers to join the workforce. Restaurant employees
in franchised or licensed locations may be employed by a third party. In addition, because many restaurant chains exist across continents, ensuring consistent labour standards can be a challenge for restaurant employees in both entity-owned and franchise locations. Labour issues at franchises affect brand image because customers cannot make a distinction between entity-owned and franchised restaurants. Restaurants that can effectively manage human capital by offering competitive wages, safe working environments and other opportunities for professional growth may improve employee morale while reducing turnover rates and the associated administrative costs involved in employee acquisition and training.
More",Food & Beverage,Restaurants
Supply Chain Management,Supply Chain Management & Food Sourcing,"Restaurants source ingredients and products from a wide range of suppliers. Supply chain management is crucial for restaurants to ensure food safety, to protect their reputations and increase revenue. Sourcing quality ingredients to maintain a
consistent level of quality across different locations can be operationally challenging and exacerbated by the global nature of the industry. Demand from the food and beverage industry, including restaurants, drives and shapes agricultural production, indicating that actions by industry players have a larger impact on society. Therefore, sustainable and ethical sourcing by industry entities may be necessary to ensure future supply and to minimise lifecycle impacts of entity operations. Sourcing from suppliers that have high quality standards, employ environmentally sustainable farming methods, and honour labour rights may better create value over the long-term. By increasing the amount of food supply sourced in conformance with environmental and social standards, as well as conformance with animal welfare standards and best practices, restaurant operators may be able to maintain food quality, manage food safety issues, enhance their reputation and expand their market share.
More",Food & Beverage,Restaurants
Customer Welfare,Public Health,"Tobacco use can create serious health risks as established by many scientific studies over the past several decades. Health problems associated with tobacco include lung disease, cancer and heart disease. Tobacco product manufacturers have faced
lawsuits from individuals, governments, corporations and other groups. In some cases, these lawsuits resulted in significant settlements. A growing public awareness of the associated health risks has driven down tobacco use dramatically in many countries. Tobacco product manufacturers are introducing an array of ‘harm reduction’ products, such as non-tobacco nicotine products and heated tobacco products, seeking to minimise the health impacts of tobacco use while accessing new markets. Scientific studies questioning these assertions of harm reduction may emerge, with continuing effects on entity revenue and growth potential.
More",Food & Beverage,Tobacco
Selling Practices & Product Labeling,Marketing Practices,"Tobacco product labelling and marketing is regulated heavily internationally. The World Health Organization’s Framework Convention on Tobacco Control (WHO FCTC) has encouraged many countries to introduce new, stricter regulatory approaches to prevent
people from using tobacco at an early age through transparent advertising about tobacco’s health risks. The industry has faced costly legal battles related to the marketing and advertising of its products. Marketing for combustible and new non-combustible products must balance regulatory requirements with the need to reach new markets. Failing to effectively manage negative social externalities may result in further unfavourable regulation and may impair the industry’s social licence to operate. Entities that effectively manage this issue may avoid extraordinary expenses, preserve market share and decrease contingent liabilities.
More",Food & Beverage,Tobacco
Human Rights & Community Relations,Safety of Clinical Trial Participants,"Clinical trials are an essential part of the biotechnology and pharmaceutical products approval process. Clinical trial participant safety is a critical component of an entity’s ability to bring a product to market successfully. Oversight of these
trials is an important factor in the industry because of the numerous clinical trials conducted by third-party contract research organisations. Biotechnology & Pharmaceuticals entities that manage clinical trials effectively may enhance shareholder value through the incremental revenue associated with new products.
More",Health Care,Biotechnology & Pharmaceuticals
Access & Affordability,Access to Medicines,"Biotechnology and pharmaceuticals entities play an important role in providing access to the industry’s products around the world. Entities may develop product pricing frameworks that account for varying levels of economic development and different
health care needs across various countries. Strategies related to improving access to medicines may yield growth opportunities, innovation and unique partnerships, which may enhance shareholder value.
More",Health Care,Biotechnology & Pharmaceuticals
Access & Affordability,Affordability & Pricing,"Stakeholder emphasis on health care cost containment and increased access may continue to place downward pricing pressures on the Biotechnology & Pharmaceuticals industry. As a result, entities that have relied on raising drug prices, contractual
advantages and reverse payments to protect profits may be challenged by efforts to reduce costs. Entities that effectively manage their global pricing practices and associated stakeholder scrutiny of pricing practices may limit their risk exposure to regulatory action or adverse reputational effects.
More",Health Care,Biotechnology & Pharmaceuticals
Product Quality & Safety,Drug Safety,"Important product safety information may be discovered after controlled clinical trials and regulatory approval. Subsequently, entities may be exposed to the financial implications of associate adverse events and product recalls. Product safety
concerns, manufacturing defects or inadequate disclosure of product-related risks may result in significant product liability claims. Biotechnology & Pharmaceuticals entities that mitigate the incidence of product recalls, safety concerns and enforcement actions may better preserve shareholder value. In addition, concern over the abuse or resale of certain medications has resulted in the development of mandated take-back programmes. Entities that successfully engage in these programmes may limit future liabilities.
More",Health Care,Biotechnology & Pharmaceuticals
Customer Welfare,Counterfeit Drugs,"Fake or substandard medication presents a significant risk to consumers in all countries. Biotechnology & Pharmaceuticals entities may face added costs as jurisdictions implement drug supply chain regulations to prevent counterfeit, substandard or
mislabelled drugs from entering the pharmaceutical distribution system. Entities that fail to manage this issue effectively may face material risks associated with the loss of public confidence and reduced revenue.
More",Health Care,Biotechnology & Pharmaceuticals
Selling Practices & Product Labeling,Ethical Marketing,"Biotechnology & Pharmaceuticals entities face challenges associated with the marketing of specific products. Direct-to-consumer advertisements for prescription drugs provide opportunities for increasing market share. However, marketing off-label uses
may result in significant fines and settlements. Corporate disclosure of legal and regulatory fines and the codes of ethics that govern marketing activities may allow investors to better understand performance in this area.
More",Health Care,Biotechnology & Pharmaceuticals
"Employee Engagement, Diversity & Inclusion","Employee Recruitment, Development & Retention","Biotechnology & Pharmaceuticals entities face intense competition for recruiting and retaining employees. The industry relies on highly skilled employees to develop new products, conduct clinical trials, manage government regulations and
commercialise new products. Entities that attract and retain employees despite a constrained talent pool may be better positioned to protect and enhance shareholder value.
More",Health Care,Biotechnology & Pharmaceuticals
Supply Chain Management,Supply Chain Management,"For the Biotechnology & Pharmaceuticals industry, managing supply chain quality is essential for protecting consumer health and corporate value. Biotechnology and pharmaceuticals entities that fail to ensure quality throughout their supply chains may
be susceptible to lost revenue, supply disruptions and reputational damage. Disclosure of supply chain audit programmes may provide investors with an understanding of how entities in this industry are protecting shareholder value.
More",Health Care,Biotechnology & Pharmaceuticals
Business Ethics,Business Ethics,"Biotechnology & Pharmaceuticals entities are subject to various jurisdictional laws and regulations pertaining to bribery, corruption and health care fraud and abuse. The ability of entities to ensure compliance throughout their global and domestic
operational footprint may have material implications. Corporate disclosure of legal and regulatory fines and the codes of ethics that govern their interactions with health care professionals may allow investors to monitor performance in this area.
More",Health Care,Biotechnology & Pharmaceuticals
Energy Management,Energy Management in Retail,"Chain drug retailers operate thousands of locations that consume large quantities of energy. Electricity is used primarily for lighting and refrigeration. Many retail locations may operate 24 hours a day, thereby increasing energy demand. Operational
energy efficiency and diversification among a range of energy supply sources may mitigate exposure to rising energy costs and limit an entity’s indirect greenhouse gas emissions.
More",Health Care,Drug Retailers
Data Security,Data Security & Privacy,"Drug Retailers, as distributors of prescription medication and operators of retail health clinics, access and manage protected health information. The legal obligation to safeguard customer information includes the proper handling of sensitive
information by staff in pharmacies and clinics, as well as the safe storage of information on physical and electronic media. Cyber attacks may compromise health information stored electronically, along with customers’ financial and personal data. Drug retailers that prevent major data breaches, including point-of-sales breaches and cyber attacks, can preserve brand value, reduce contingent liabilities and maintain market share.
More",Health Care,Drug Retailers
Product Quality & Safety,Drug Supply Chain Integrity,"The Drug Retailers industry supply chain is long and complex, consisting of distribution networks between manufacturers and retailers. Ensuring the quality and safety of pharmaceutical and healthcare products is critical to preserving brand
value. The industry faces risks associated with counterfeit drugs, and effective supply chain management is essential in mitigating these challenges. Drug Retailers that effectively manage their supply chains may avoid costs related to recalls, and such incidents may present significant risks to customers. The prevalence of store-brand products, which constitute a growing portion of sales, increases the importance of this issue.
More",Health Care,Drug Retailers
Customer Welfare,Management of Controlled Substances,"Drug Retailers are distributors and sellers of a wide variety of controlled substances. Within this industry, the high volume of drugs processed and dispensed, along with the extensive retail and distribution networks of larger entities, increase the
risk of theft, loss and illegal drug dispensing. These actions may result in adverse social externalities, including public health consequences related to drug abuse and the illicit drug trade. Drug Retailers may participate in jurisdictional drug monitoring programmes to mitigate some of the social issues associated with dispensing controlled substances. Furthermore, regulatory enforcement may result in fines and licence suspensions. Strong internal management of controlled substances may mitigate these risks and protect shareholder value in the long term.
More",Health Care,Drug Retailers
Customer Welfare,Patient Health Outcomes,"Drug Retailers and pharmacists play an important role in the health care system, since they provide patients with medications and are often the last health care professionals to interact with patients before medications are consumed. Drug Retailers
may enhance patient outcomes by improving communication, avoiding dispensing errors and raising patients’ drug-adherence rates. Pharmacies may engage and educate patients regarding the importance of adhering to prescriptions, which provides beneficial outcomes for patients as well as for businesses. Entities that effectively manage these interactions while avoiding dispensing errors may better protect shareholder value.
More",Health Care,Drug Retailers
Energy Management,Energy Management,"Health Care Delivery entities operate energy-intensive facilities and rely on both purchased electricity and fuel. The consumption of both can contribute to environmental impacts, including climate change and pollution. Legislative attempts to limit
these impacts and to incentivise energy efficiency and renewable energy may result in price volatility associated with fossil fuels and conventional electricity. Entities that improve energy efficiency may decrease costs and limit exposure to energy price fluctuations.
More",Health Care,Health Care Delivery
Waste & Hazardous Materials Management,Waste Management,"Health Care Delivery entities generate a significant amount of regulated medical and pharmaceutical waste. Disposal fees for these types of waste are typically higher than that of conventional waste and may present a significant cost for the
industry. Entities that reduce the amount of waste generated by enhanced waste segregation strategies, recycling and reuse may limit their exposure to these costs.
More",Health Care,Health Care Delivery
Data Security,Patient Privacy & Electronic Health Records,"Many jurisdictions require health care providers to establish administrative, physical and technical safeguards to protect the integrity, confidentiality, interoperability and availability of patient health information. Failure to comply with such
regulations may result in civil and criminal penalties.
More",Health Care,Health Care Delivery
Access & Affordability,Access for Low-Income Patients,"Some care delivery entities will continue to face challenges associated with serving uninsured and low-income patients. Health care delivery entities that develop innovative pricing structures that allow them to profit from increased private
insurance enrolment and to expand their patient base may create a positive effect on revenue. Disclosure on how entities manage the provision of care to uninsured populations may allow users to understand the associated risks and opportunities.
More",Health Care,Health Care Delivery
Product Quality & Safety,Quality of Care & Patient Satisfaction,"Quality care delivery and patient satisfaction are essential value drivers for health care delivery entities. The link between quality of care performance and value creation may be strengthened by effective management focus on improving health care
quality measures. In addition, entities may improve health care outcomes and preserve brand value by developing programmes to reduce excessive patient readmission rates and hospital-acquired conditions.
More",Health Care,Health Care Delivery
Customer Welfare,Management of Controlled Substances,"The Health Care Delivery industry is in a unique position with respect to the evolving use of controlled substances and managing the risk of addiction. As the provider of care, the industry also treats individuals suffering from addiction and related
health concerns. Health Care Delivery entities face significant costs in addressing the health care needs of those suffering from addiction and related illnesses. Industry-wide efforts to re-evaluate controlled substance management strategies through the development of new policies, training and oversight may have positive financial effects.
More",Health Care,Health Care Delivery
Selling Practices & Product Labeling,Pricing & Billing Transparency,"Concern regarding pricing and billing transparency in the Health Care Delivery industry has resulted in increased legal and regulatory scrutiny in some jurisdictions. Coupled with increased attention to health care cost containment, this scrutiny may
increase regulatory oversight of pricing and billing practices in this industry. Entities that achieve compliance and institute transparent pricing structures may better protect shareholder value.
More",Health Care,Health Care Delivery
Employee Health & Safety,Workforce Health & Safety,"The Health Care Delivery industry is heavily dependent on a skilled workforce, and employees routinely are exposed to injury, illness and infection during regular duties. Relative to other industries, Health Care Delivery has one of the highest rates
of injury and illness. Entities that manage this issue more effectively may reduce costs associated with workers’ compensation, productivity, morale and employee retention. Entities often mitigate risks by implementing proactive health and safety management protocols, developing employee training requirements, and conducting regular audits of their own safety practices.
More",Health Care,Health Care Delivery
"Employee Engagement, Diversity & Inclusion","Employee Recruitment, Development & Retention","Health care delivery entities will continue to face increased competition for physicians because of increased demand, which is intensified by current and future shortages. The ability to recruit, develop and retain health care practitioners is
critical to success in this industry, and disclosure on related performance indicators allows users to understand how entities are managing this important human capital issue.
More",Health Care,Health Care Delivery
Physical Impacts of Climate Change,Climate Change Impacts on Human Health & Infrastructure,"An increase in extreme weather events associated with climate change may present physical threats to health care delivery facilities and create challenges in serving affected populations. Coupled with the potential spread of infectious diseases and
food and water scarcity, these events may present material implications for the Health Care Delivery industry.
More",Health Care,Health Care Delivery
Business Ethics,Fraud & Unnecessary Procedures,"Health care delivery entities may be subject to significant fines and penalties if their staff are found to be engaged in medical fraud. Many entities must have written policies for all employees and contractors regarding false claims, false
statements and whistle-blower protections. The ability to ensure compliance in this area may have implications for health care delivery entities, including one-time charges and reputational damage.
More",Health Care,Health Care Delivery
GHG Emissions,Fleet Fuel Management,"The distribution of health care products and supplies requires significant transportation networks. Concern over climate change and dwindling natural resources may affect fuel pricing, and it may expose health care distributors to cost
fluctuations. Entities that improve transportation efficiencies may be better positioned to create value over the long-term.
More",Health Care,Health Care Distributors
Product Quality & Safety,Product Safety,"Health Care Distributors are integral to the delivery of consumer health care products. The industry has a shared responsibility with manufacturers to ensure product safety and answer concerns related to toxicity. Further, Health Care Distributors
face additional risks related to controlled substances and mislabelled products. Entities that improve safety or effectively manage other product concerns may better protect shareholder value.
More",Health Care,Health Care Distributors
Customer Welfare,Counterfeit Drugs,"The World Health Organization (WHO) estimates that counterfeit drugs represent more than 10% of the pharmaceutical supply chain in low- and middle-income countries. The issue of counterfeit or substandard medication also presents a significant risk
in developed economies. Health Care Distributors may face added costs as applicable jurisdictional legal or regulatory authorities implement drug supply chain regulations to prevent counterfeit or mislabelled drugs from entering the pharmaceutical distribution system.
More",Health Care,Health Care Distributors
Product Design & Lifecycle Management,Product Lifecycle Management,"Health Care Distributors have a responsibility to reduce the environmental impact of the products that they distribute. Specific opportunities to address these impacts exist in product packaging and take-back programmes. Entities that manage these
concerns properly may meet customer demand and reduce associated costs more effectively.
More",Health Care,Health Care Distributors
Business Ethics,Business Ethics,"Health Care Distributors are subject to various jurisdictional laws and regulations regarding false marketing claims, bribery, corruption and other unethical business practices. Entities that ensure compliance with relevant regulations may avoid
litigation, which could result in costly fines or settlements.
More",Health Care,Health Care Distributors
Data Security,Customer Privacy & Technology Standards,"Applicable jurisdictional laws or regulations may establish various data security requirements relating to the use, disclosure, storage and transmission of patient health information. Entities are required to develop policies and technical safeguards
to protect patient health information. A failure to comply with these standards can lead to significant civil and criminal penalties. These risks are intensified by an increase in cyberattacks that target managed care entities.
More",Health Care,Managed Care
Access & Affordability,Access to Coverage,"Entities in the Managed Care industry may improve a population’s access to health care by limiting plan costs and rate increases for health insurance in jurisdictions where private health insurance is prevalent. These improvements most significantly
affect segments of the population that tend to have lower rates of insurance coverage. These entities generally must also comply with regulations intended to control plan costs, including medical loss ratios, as well as ensuring all applicants have access to coverage regardless of health status, gender or pre-existing conditions. Increased regulatory focus on health care costs and compliance with evolving regulations continue to present challenges for the industry.
More",Health Care,Managed Care
Product Quality & Safety,Plan Performance,"Managed care entities manage performance in areas such as responsiveness, complaints, voluntary disenrollment and customer service to maintain competitiveness. In some jurisdictions, performance on important metrics may be factored into reimbursement
rates and bonus payments. Disclosure on specific indicators related to plan performance may allow investors to understand how entities protect enterprise value.
More",Health Care,Managed Care
Customer Welfare,Improved Outcomes,"Entities in the Managed Care industry can play a critical role in maintaining and improving the health of enrolees. Improved enrolee health can help entities develop a reputation for high-quality care, potentially leading to increased market share
and improved margins. Some entities may participate in programmes that try to strengthen the relationship between enrolee health and entity value by linking employee performance to reimbursement rates and bonuses. Entities that take part in such programmes may develop a competitive advantage compared to those that do not. Entities that fail to deliver high-quality outcomes for enrolees may experience decreased market share, penalties such as fines and suspensions, and increased legal costs.
More",Health Care,Managed Care
Physical Impacts of Climate Change,Climate Change Impacts on Human Health,"An increase in extreme weather events associated with climate change could have significant health impacts. These events, coupled with the potential spread of infectious diseases and food and water scarcity, may present material implications for the
Managed Care industry through an increase in encounters with the health care system. Entities that manage the risks posed by extreme weather events and potential changes in the incidence, morbidity and mortality of illnesses and diseases may protect shareholder value better.
More",Health Care,Managed Care
Access & Affordability,Affordability & Pricing,"Health care cost containment and health care access regulatory initiatives may place downward pricing pressures on the Medical Equipment & Supplies industry. This pressure may be increased further by consolidation among health care providers and the
role of government-sponsored insurance programmes. Entities that ensure fair pricing may limit the negative effects of cost containment as well as benefitting from the potential revenue opportunities associated with expanded access. Entities that successfully balance the risks and opportunities associated with cost containment and improved access to health care may increase their market share among segments of the population that might ordinarily be less likely to seek health care.
More",Health Care,Medical Equipment & Supplies
Product Quality & Safety,Product Safety,"Information on product safety and side effects may be discovered after controlled clinical trials and approval. In such cases, entities are exposed to the financial implications of recalls and other adverse events, such as unfavourable media
coverage, fines or investigations. Issues related to product safety, such as equipment failures, manufacturing defects, design flaws or inadequate disclosure of product-related risks, may result in significant product liability claims. Entities that limit the incidence of recalls, safety concerns and enforcement actions for manufacturing concerns may better protect shareholder value.
More",Health Care,Medical Equipment & Supplies
Selling Practices & Product Labeling,Ethical Marketing,"Entities in the Medical Equipment & Supplies industry face legal and regulatory challenges associated with product marketing. Direct-to-consumer advertisements for medical devices and outreach to physicians provide opportunities for entities to
increase their market share. However, challenges arise from the potential for marketing off-label uses, which may result in significant fines and settlements. Corporate disclosure of legal and regulatory fines and the codes of ethics that govern marketing activities may allow investors to develop a better understanding of performance in this area.
More",Health Care,Medical Equipment & Supplies
Product Design & Lifecycle Management,Product Design & Lifecycle Management,"Medical equipment and supplies entities face increasing challenges associated with the human and environmental impact of the industry’s products. Entities may face consumer and regulatory pressure to limit the use of material inputs associated with
health concerns, while also addressing issues such as the energy efficiency and end-of-life disposal of specific products. Entities that address these concerns while engaging in efforts to enhance product take-back may satisfy consumer demand and reduce future liabilities better.
More",Health Care,Medical Equipment & Supplies
Supply Chain Management,Supply Chain Management,"Supply chain quality is essential to protecting consumer health and corporate value. Entities that fail to ensure quality and traceability throughout their supply chains may be susceptible to fines, lost revenue and reputational
damage. Additionally, entities may need to manage the use of material inputs that are considered scarce. Disclosure of supply chain audit programmes, strategies to ensure traceability and management of critical materials may better inform investors how entities in this industry are protecting shareholder value.
More",Health Care,Medical Equipment & Supplies
Business Ethics,Business Ethics,"Entities in the Medical Equipment & Supplies industry are subject to various international, national and local laws pertaining to health care fraud and abuse. An entity’s ability to ensure compliance throughout its global and domestic operational
footprint may have notable effects on enterprise viability and reputation. Corporate disclosure of legal and regulatory fines and the codes of ethics that govern interactions with health professionals may better allow investors to monitor performance in this area.
More",Health Care,Medical Equipment & Supplies
GHG Emissions,Greenhouse Gas Emissions & Energy Resource Planning,"Electricity generation represents the largest source of greenhouse gas (GHG) emissions in the world. Mainly carbon dioxide, methane and nitrous oxide, these emissions are mostly by-products of fossil fuel combustion. The transmission or distribution
(T&D) segments of the industry produce negligible emissions. Electric utility entities could face significant operating costs and capital expenditures for mitigating GHG emissions as environmental regulations become increasingly stringent. Although many of these costs may be passed to a utility’s customers, some power generators, especially in deregulated markets, may be unable to recoup these costs. Entities may reduce GHG emissions from electricity generation through careful infrastructure investment planning by ensuring the delivery of an energy mix capable of meeting the emissions requirements set forth by regulations, and by implementing industry-leading technologies and processes. Being proactive in cost-effectively reducing GHG emissions may create a competitive advantage for entities and mitigate unanticipated regulatory compliance costs. Failure to properly estimate capital-expenditure needs and permitting costs, or other difficulties in reducing GHG emissions, may result in significant negative effects on returns in the form of asset write-downs, the costs to obtain carbon credits, or unexpected increases in operating and capital expenditures. Regulatory emphasis on this issue may increase in the coming decades, as exemplified by the international emissions-reduction agreement made at the 21st session of the United Nations Conference of the Parties in 2015.
More",Infrastructure,Electric Utilities & Power Generators
Air Quality,Air Quality,"Fuel combustion in electricity-generation operations generates hazardous air pollutants. These air pollutants can create significant and localised environmental and health risks. The most common and impactful are nitrogen oxides (excluding nitrous
oxide), sulphur oxide, particulate matter (PM), lead and mercury. Emissions of these localised air pollutants often are strictly regulated, creating significant compliance risks for electricity generators. Regulatory and legal risks are higher for entities operating near large communities. Harmful operational air emissions may result in regulatory penalties, higher regulatory compliance costs and capital expenditures to install control technology. In some cases, such expenditures may be cost prohibitive to continued facility operations. Entities may manage air quality concerns by reducing emissions, as well as by working with regulators to establish priorities and manage short- and long-term capital planning risks.
More",Infrastructure,Electric Utilities & Power Generators
Water & Wastewater Management,Water Management,"Electricity generation is one of the most water-intensive industries in the world in terms of water withdrawals. Thermoelectric power plants—typically coal, nuclear and natural gas—use large quantities of water for cooling purposes. The industry is
facing increasing water-related supply and regulatory risks, potentially requiring capital investment in technology or even creating stranded assets. As water supplies tighten in many regions—and electricity generation, agriculture and community use compete for water supplies—power plants increasingly may be unable to operate at full capacity, or at all, because of region-specific water constraints. The availability of water is an important factor to consider when calculating the future value of many electricity-generating assets and for evaluating proposals for new generation sources. Increased water scarcity—because of factors such as increasing consumption and reduced supplies resulting from climate change, which could result in more frequent or intense droughts—could prompt regulatory authorities to limit entities’ ability to withdraw necessary amounts of water, especially in regions with high baseline water stress. Furthermore, entities must manage the growing number of regulations related to the significant biodiversity impacts that such large withdrawals may cause. To mitigate these risks, entities can invest both in more efficient water-usage systems for plants, and place strategic priority on assessing long-term water availability, as well as water-related biodiversity risks, when siting new power plants.
More",Infrastructure,Electric Utilities & Power Generators
Waste & Hazardous Materials Management,Coal Ash Management,"Electricity generators must safely discard the hazardous by-products of their operations. Coal-fired electricity generation is a major source of hazardous waste because of coal ash. Coal ash can have a significant effect on entity value in the
power-generation segment of the industry. This issue will affect entities differently, depending on the extent to which they generate electricity from coal. Coal ash is one of the largest industrial waste streams in the world. It contains heavy metal contaminants associated with cancer and other serious diseases, especially when they leach into groundwater. Coal ash can have beneficial uses when recycled or reused, such as in the creation of fly ash concrete or wallboard, creating revenue opportunities for electric utilities. Safe handling of coal ash, locating coal ash impoundments to minimise potential harm to human life or the environment, effective monitoring and containment of coal ash, and the sale of coal ash for beneficial uses are important strategies to reduce regulatory compliance costs as well as penalties for non-compliance. Coal ash leaching into the surrounding environment can result in significant litigation and remediation costs.
More",Infrastructure,Electric Utilities & Power Generators
Access & Affordability,Energy Affordability,"An objective of regulated electric utilities is to provide reliable, affordable and sustainable electricity. Entities in the industry manage these potentially competing priorities to maintain favourable relations with customers and regulators—and
ultimately to earn appropriate returns for shareholders. The affordability of energy is particularly challenging for entities to balance because it often conflicts with other core objectives. Utility energy bills generally are perceived to be increasingly unaffordable for low-income customers (affordability is determined by both the net cost of energy bills and the underlying customer economics). Ensuring that utility bills are affordable is crucial for utilities working to build trust (intangible asset value) with regulators and customers. Regulatory relations are an important value driver for utilities and one of the issues analysed closely by investment analysts. The willingness of regulators to grant rate requests, rate structure modifications, cost recovery and allowed returns determines financial performance and investment risk. Effectively managing affordability may enable utilities to invest more capital, favourably revise rate structures and increase allowed returns. Furthermore, utilities that ineffectively manage affordability increasingly are exposed to customers defecting from the grid (or reducing reliance on the grid) by implementing distributed energy resources or pursuing other alternative energy sources (for example, industrial customers’ use of combined heat and power). Managing affordability involves operating an efficient business with a comprehensive, long-term strategy, as well as working closely with regulators and public policymakers on rate structures and, potentially, bill-assistance programmes. Although a utility’s business model and rate structure largely determine the precise nature of the financial effects, affordability is a critical business issue for utilities managing, maintaining and growing customer bases, building intangible asset value, creating investment and return opportunities, and ultimately delivering shareholder returns.
More",Infrastructure,Electric Utilities & Power Generators
Employee Health & Safety,Workforce Health & Safety,"Employees of entities in the Electric Utilities & Power Generators industry face numerous hazards in the construction and maintenance of electric transmission and distribution lines, as well as with the various means of electricity generation. Many
of these employees work for extended periods at great heights, operate heavy machinery and face electrocution risks. Although the industry has made significant strides in safety improvements, significant risks remain, along with opportunities for further improvements. The nature of the industry—as a necessity of modern life and economies, as well as commonly a legally granted monopoly—means that entity actions receive significant public and regulatory scrutiny. Entities must maintain a culture of safety to ensure adequate working conditions for their workers, strong operational productivity, and to uphold positive views from the perspective of regulators and manage potential risks of regulatory penalties.
More",Infrastructure,Electric Utilities & Power Generators
Business Model Resilience,End-Use Efficiency & Demand,"Energy efficiency is a low-lifecycle-cost method to reduce greenhouse gas (GHG) emissions, because less electricity needs to be generated to provide the same end-use energy services. Utilities can promote energy efficiency and conservation among
their customers. Such strategies may include offering rebates for energy-efficient appliances, weatherising customers’ homes, educating customers on energy-saving methods, offering incentives to customers to curb electricity use during times of peak demand (‘demand response’), or investing in technology such as smart meters, which allow customers to track their energy use. While saving consumers money, these efforts also may reduce operating costs for electric utilities by decreasing peak demand. Furthermore, depending on the utility regulatory framework, local jurisdictions may mandate that entities develop energy efficiency plans before permitting new builds. Companies with effective strategies to reduce the downside risks from demand fluctuations, may gain adequate and timely returns on needed investments. Furthermore, reducing costs through efficiency initiatives may earn higher, long-term risk-adjusted returns.
More",Infrastructure,Electric Utilities & Power Generators
Critical Incident Risk Management,Nuclear Safety & Emergency Management,"Although rare, nuclear accidents can have significant human health and environmental consequences because of their severity. Owners of nuclear power plants in many regions have operated for decades without any major public safety incidents, but the
occurrence of infrequent but large-magnitude incidents anywhere in the world can have major effects on the entire nuclear power industry. Entities that own and operate nuclear plants may lose their licence to operate, as well as face many other financial consequences in the event of an accident—though entities carry insurance and may have legal protections from some liabilities. Failure to comply with the safety regulations can be expensive to nuclear power operators; in extreme circumstances it may make the continued operation of the plant uneconomical. Facing potentially significant financial repercussions, both from ongoing safety compliance as well as tail risk incidents, entities that own or operate nuclear plants must be vigilant in the safety compliance, best practices and upgrades of their facilities. They also must maintain robust emergency preparedness training for their staff and a strong safety culture. These measures can reduce the probability that accidents will occur and enable an entity to effectively detect and respond to such incidents.
More",Infrastructure,Electric Utilities & Power Generators
Systemic Risk Management,Grid Resiliency,"Electricity is critical for the continued function of most elements of modern life, from medicine to finance, creating a societal reliance on continuous service. Major disruptions to electricity infrastructure may result in potentially high societal
costs. Disruptions can be caused by extreme weather events, natural disasters and cyberattacks. As the frequency and severity of extreme weather events associated with climate change continues to increase, all segments of electric utilities entities—and especially major transmission and distribution (T&D) operations—will face increasing physical threats to their infrastructure. Extreme weather events could result in frequent or significant service disruptions, outages and require upgrade or repair of damaged or compromised equipment, all of which may add substantial costs and damage brand reputation among regulators and customers. The increased use of smart grid technology has several benefits, including strengthening the resiliency of the grid to extreme weather events. However, this technology may make the grid more vulnerable to cyberattacks, because it provides hackers more entryways into infrastructure systems. Entities must implement strategies that minimise the probability and magnitude of impacts from extreme weather events and cyberattacks. To remain competitive in the face of increasing external competition, entities must improve the reliability, resilience and quality of their infrastructure.
More",Infrastructure,Electric Utilities & Power Generators
Ecological Impacts,Environmental Impacts of Project Development,"Infrastructure construction projects improve economic and social development; however, they also may pose risks to the local environment and surrounding communities. Industry activities can disrupt local ecosystems through biodiversity impacts, air
emissions, water discharges, natural resource consumption, waste generation and hazardous chemicals use. Construction entities perform clearing, grading and excavation activities and may generate harmful waste during project construction. Effectively assessing environmental impacts before construction may mitigate unforeseen issues that may increase operational expenses and capital costs. In some cases, environmental concerns or local community pushback may result in project delays and, in extreme cases, project cancellations, which may affect an entity’s profitability and growth opportunities. Failure to comply with environmental regulations during construction may result in costly fines and remediation costs, and it can damage an entity’s reputation. Environmental impact assessments can provide an understanding of a project’s potential environmental impacts and necessary mitigation activities before it begins. Likewise, proper management of environmental risks during project construction may reduce regulatory oversight or community pushback. By assessing environmental considerations before project initiation, as well as continuing to evaluate them during project development, engineering and construction entities may be prepared to mitigate potential environmental issues and the associated financial risks that may occur, while also establishing a competitive advantage for obtaining new contracts with prospective clients.
More",Infrastructure,Engineering & Construction Services
Product Quality & Safety,Structural Integrity & Safety,"Whether providing engineering, design, architectural, consulting, inspection, construction or maintenance services, entities in this industry have a professional responsibility to ensure the safety and integrity of their work. Errors or inadequate
quality in the project design phase and construction of buildings or infrastructure may result in significant personal injury, loss of property value and economic harm. Entities that manage structural integrity and safety poorly may incur incremental costs because of redesign or repair work and legal liabilities, as well as reputational damage that could hurt growth prospects. Moreover, when designing and constructing buildings or infrastructure, entities in the industry increasingly must contemplate potential climate change impacts, which may affect the project’s structural integrity and public safety. Compliance with minimum applicable codes and standards may not be enough to maintain and grow reputational value (or even mitigate legal liabilities) in some circumstances, especially if the frequency and severity of climate-change-related events increases as expected. Meeting or exceeding new industry quality standards, and setting up internal control procedures to identify and fix potential design issues, including those resulting from climate risks, are practices that may help entities reduce these risks.
More",Infrastructure,Engineering & Construction Services
Employee Health & Safety,Workforce Health & Safety,"Construction, maintenance and repair services and other on-site activities require substantial manual labour. Fatality and injury rates in the Engineering & Construction Services industry are high compared with those in other industries because of
the workforce’s exposure to powered haulage and heavy machinery accidents, fall accidents, exposure to hazardous chemicals, and other unique and potentially dangerous situations. Additionally, temporary workers may be at a higher risk because of a lack of training or industry experience. Failing to protect worker health and safety can result in fines and penalties; serious incidents may result in acute, one-time extraordinary expenses and contingent liabilities from legal or regulatory actions. In addition, health and safety incidents may result in project delays and downtime that increase project costs and decrease profitability. Entities that seek to train both permanent and temporary employees professionally and build a strong safety culture may reduce their risk profile while potentially gaining a competitive advantage in new project bids and proposals because of good workforce health and safety statistics.
More",Infrastructure,Engineering & Construction Services
Product Design & Lifecycle Management,Lifecycle Impacts of Buildings & Infrastructure,"Buildings and major infrastructure projects are among the largest users of natural resources in the economy; during construction, these materials include iron and steel products, cement, concrete, bricks, drywall, wallboards, glass, insulation, fixtu
res, doors, and cabinetry, among others. Once completed, and during their daily use, these projects often consume significant amounts of resources in the form of energy and water (for a discussion on direct environmental impacts from project construction see the Environmental Impacts of Project Development topic). Therefore, the sourcing of construction materials and the everyday use of buildings and infrastructure may contribute to direct and indirect greenhouse gas (GHG) emissions, global or local resource constraints, water stress and negative human health outcomes. Client and regulatory pressures to develop a sustainable built environment are contributing to the growth of markets intended to reduce the lifecycle impacts of buildings and infrastructure projects. In response, various international sustainable building and infrastructure certification schemes assess, among other aspects, a project’s use-phase energy and water efficiency, impacts on human health, and the use of sustainable construction and building materials. As a result, various opportunities are being created for industries in the value chain—from suppliers that can provide such materials, to entities in the Engineering & Construction Services industry that can provide sustainability-oriented project design, consulting and construction services. Such services can provide a competitive advantage and revenue growth opportunities as client demand for economically advantageous sustainable projects increases and related regulations evolve. Entities unable to effectively integrate such considerations into their services may lose market share in the long term.
More",Infrastructure,Engineering & Construction Services
Product Design & Lifecycle Management,Climate Impacts of Business Mix,"Engineering & Construction Services industry clients may be exposed to potentially disruptive climate regulation as well as those that mitigate climate change. Some types of construction projects are significant climate change contributors because of
the greenhouse gases (GHGs) emitted during their use phase. Projects that may contribute to global GHG emissions include those in extractive industries, as well as large buildings. Whereas some infrastructure projects, such as renewable energy projects, are designed to reduce GHG emissions, many types of projects present trade-offs. Mass transit systems, for example, may contribute to GHG emissions while reducing net emissions once the benefits offered by the system are factored. Several entities in the industry generate a substantial share of revenue and profits from clients in carbon-intensive industries and whose future capital investments may be at risk because of evolving climate regulations. Downside risks may manifest through project delays, cancellations and diminished long-term revenue growth opportunities. On the other hand, entities that specialise in infrastructure projects that contribute to GHG mitigation could develop competitive advantages as they continue to focus on these growing markets. As the industry and its customers continue to operate within an uncertain business environment and face increasing environmental and regulatory requirements, assessing and communicating the risks and opportunities stemming from climate change that are embedded in an entity’s backlog and future business prospects may help investors in assessing the overall business impact of climate change.
More",Infrastructure,Engineering & Construction Services
Business Ethics,Business Ethics,"Entities in the industry face risks associated with bribery, corruption and anti-competitive practices. Several factors contribute to these risks, including global operations, managing many local agents and subcontractors, project financing and
project permitting complexity, the magnitude of the contracts involved in building large infrastructure projects, and the competitive process to secure contracts with private and public entities. Ethical breaches may result in regulatory authority investigations, as well as large fines, settlement costs and damaged reputations. Such breaches may include violations of anti-bribery laws, such as paying government officials to gain project contracts. They also may include unethical bidding practices, such as complementary bidding (for example, submitting an artificially high or otherwise unacceptable bid for a contract that a bidder does not intend to win) and bid-pooling (for example, coordinating to split contracts and ensure each bidder is awarded a specific amount of work). Moreover, entities with poor track records may be barred from future projects, resulting in lost revenue. Developing an ethical culture through employee training, effective governance structures and internal controls is critical for entities to mitigate business ethics risks.
More",Infrastructure,Engineering & Construction Services
Access & Affordability,Energy Affordability,"An objective of gas utilities is to deliver natural gas to customers in a safe, reliable and environmentally responsible manner. Entities in the industry manage these potentially competing priorities while maintaining favourable relations with
customers and regulators—and ultimately to earn appropriate shareholder returns. From the utility customer perspective, the affordability of energy is challenging to balance, because it often conflicts with other core objectives. Utility energy bills generally are perceived to be increasingly more expensive for low-income customers (affordability is determined by both the net cost of energy bills and the underlying economics of customers). Ensuring utility bills remain affordable is crucial for utilities in building trust (intangible asset value) with regulators and customers. The quality of regulatory relations is an important value driver for utilities, and one of the issues analysed closely by investment analysts. Regulators’ willingness, or lack thereof, to grant rate requests, rate structure modifications, cost recovery and allowed returns is a primary determinant of financial performance and investment risk. Effectively managing affordability may provide opportunities to grow capital investment, revise rate structures favourably and increase allowed returns. Furthermore, utilities that ineffectively manage affordability increasingly face customers reducing their reliance upon natural gas (or reducing energy needs) and pursuing alternative energy sources (for example, industrial customers’ use of combined heat and power). Managing affordability involves operating an efficient business with a comprehensive, long-term strategy, as well as working closely with regulators and public policymakers on rate structures and, potentially, bill-assistance programmes. Although utility business models and rate structures largely determine the precise nature of the financial effects, affordability is a critical business issue for utilities managing, maintaining and growing their customer bases, building intangible asset value, creating investment and return opportunities, and ultimately delivering shareholder returns.
More",Infrastructure,Gas Utilities & Distributors
Business Model Resilience,End-Use Efficiency,"Natural gas produces fewer greenhouse gas (GHG) emissions than other fossil fuels. Expanding its use in the economy may be an important strategy for many governments and regulators striving to reduce GHG emissions. However, despite the relatively
lower emissions, the natural gas value chain still produces meaningful levels of GHG emissions overall. As policymakers and regulators seek to mitigate climate change, the efficient consumption of natural gas will be an important long-term theme. Energy efficiency is a low-lifecycle-cost method to reduce greenhouse gas (GHG) emissions. Utilities can offer customers a wide range of options to promote energy efficiency, including providing rebates for energy-efficient appliances, weatherising customers’ homes and educating customers on energy saving methods. Overall, entities that sponsor efficiency initiatives may reduce the downside risks from demand fluctuations, gain returns on needed investments, decrease operating costs and earn higher risk-adjusted returns over the long term.
More",Infrastructure,Gas Utilities & Distributors
Critical Incident Risk Management,Integrity of Gas Delivery Infrastructure,"Operating a vast network of gas pipelines, equipment and storage facilities requires a multifaceted, long-term approach to ensuring infrastructure integrity and managing related risks. Although customers depend on reliable gas supplies, entities
manage substantial risks—including those related to human health, property and greenhouse gas (GHG) emissions—that result from operating gas distribution networks and related infrastructure. Ageing infrastructure, inadequate monitoring and maintenance, and other operational factors may result in gas leaks. Gas leak safety-related risks, such as losses of containment, may result in fires or explosions that can be particularly dangerous in urban areas where entities often operate. Furthermore, gas leaks also result in fugitive emissions (methane), causing adverse environmental impacts. Regulated gas utilities generally incur no direct costs for gas leaks, because the cost of gas typically is passed on to customers (though this may vary by region). However, gas leaks that result in safety-related risks or fugitive emissions may affect entities financially through a variety of regulatory, legal and product demand channels. Accidents, particularly fatal accidents, may result in negligence claims against entities, leading to costly court battles and fines. GHG emissions may result in increased regulatory scrutiny—a critical element directly connected to financial performance, given the importance of regulatory relations—and potential fines and penalties. Importantly, regulated gas utilities can financially benefit from capital investment opportunities to improve performance and mitigate risks related to safety and emissions, which can be factored into their rate base. Entities manage such risks through pipeline replacements, regular inspections and monitoring, employee training and emergency preparedness, investments in technology, and other strategies such as working closely with regulators. In response to concerns about ageing infrastructure, many entities are seeking ways to expedite the replacement permitting and approval process, especially in cases where pipelines are located near densely populated areas.
More",Infrastructure,Gas Utilities & Distributors
Ecological Impacts,Land Use & Ecological Impacts,"Home builders face risks associated with the ecological impacts of development activities. Developments often take place on previously undeveloped land, and entities must manage the ecosystem disruption of construction activities as well as the
regulations and permitting processes that accompany ‘greenfield’ land development. Regardless of the siting decisions entities make, industry development activities generally carry risks related to land and water contamination, mismanagement of waste, and excessive strain on water resources during the construction and use phases. Violation of environmental regulations can result in costly fines and delays that decrease financial returns while potentially harming brand value. Entities with repeated violations or a history of negative ecological impacts may find seeking permits and approvals from local communities for new developments difficult, thereby decreasing future revenue and market share. Entities that concentrate development efforts in water-stressed regions may witness challenges to permitting approvals and increased land or home value depreciation because of water shortage concerns. Environmental quality control procedures, ‘smart growth’ strategies (including a focus on redevelopment sites) and conservation strategies may help ensure compliance with environmental laws, and therefore mitigate financial risks, while improving future growth opportunities.
More",Infrastructure,Home Builders
Employee Health & Safety,Workforce Health & Safety,"Home construction requires a significant amount of manual labour from entity employees and subcontractors. Site excavation and home construction activities are physically demanding, exposing workers to risks from falls and heavy machinery and
resulting in relatively high injury and fatality rates. Worker injuries and fatalities have internal and external costs that may significantly affect operations and an entity’s social licence to operate. Effects include fines, penalties, workers’ compensation costs, regulatory compliance costs from more stringent oversight, higher insurance premiums, and project delays and downtime. To avoid such costs, entities should foster a culture of safety with proactive safety management plans, employee and contractor training, and regular audits.
More",Infrastructure,Home Builders
Product Design & Lifecycle Management,Design for Resource Efficiency,"Residential buildings, when occupied, consume significant amounts of energy and water. Entities in the Home Builders industry can improve home resource efficiency through sustainable design practices and choice of materials. Energy-saving products
and techniques such as designing homes for efficient heating and cooling may reduce energy dependence, whether it comes from the electric grid or onsite fuel combustion. Intended to improve home resource efficiency, these measures may decrease home ownership costs through lower utility bills. Water-saving features such as low-flow faucets alleviate stress in water-scarce communities, while likely also reducing homeowner costs. Homebuyer awareness of energy and water efficiency creates an opportunity for entities to increase target market demand, thereby increasing revenue or margins. Effectively applying resource efficiency design principles in a cost-effective manner may be a competitive advantage, especially when entities are successful in systematically educating customers on the long-term benefits of these homes.
More",Infrastructure,Home Builders
Product Design & Lifecycle Management,Community Impacts of New Developments,"Community and urban planning provide home builders with the opportunity to thoughtfully design new residential developments in ways that benefits customers as well as the surrounding community. New home development can bring economic growth and
workforce opportunities while moderating cost-of-living increases, and it can provide communities with safe and vibrant neighbourhoods. Entities may strive to improve communities’ environmental and social impacts by providing access to public transportation or not overburdening existing transportation or utilities infrastructure, providing access to green spaces, developing mixed-use spaces, and creating more walkable communities. These strategies may increase the overall demand for and selling prices of homes as well as reduce the risks related to permitting and community or stakeholder opposition related to current or future developments. When entities use development strategies that inadequately integrate their new communities into the pre-existing surrounding communities, they may risk insufficient sales prices, excessive costs related to infrastructure needs and assessments, permitting delays or reduced community support for future developments.
More",Infrastructure,Home Builders
Business Model Resilience,Climate Change Adaptation,"The impacts of climate change, including extreme weather events and changing climate patterns, may affect the markets entities select to develop homes and residential communities. Entities with business models that incorporate ongoing assessments of
climate change risks, and adapt to such risks, are likely to grow entity value more effectively over the long term, partially through reductions in risk. More specifically, strategies focused on home development activities in floodplains and coastal regions exposed to extreme weather events, such as flooding, have increased the need to adapt to climate change, especially considering long-term challenges like flood insurance rates, the financial stability of government-subsidised flood insurance programs, permitting approvals and financing stipulations. Rising climate risks may translate into reduced long-term demand, land value depreciation and concerns over understated long-term costs of home ownership. Additionally, entities that build developments in water-stressed regions risk losing land value and may have problems getting permitting approvals. The active assessment of climate change risks and a holistic view of long-term homebuyer demand may enable entities to successfully adapt to such risks.
More",Infrastructure,Home Builders
Energy Management,Energy Management,"Real estate assets consume significant amounts of energy for space heating, ventilating, air conditioning, water heating, lighting and using equipment and appliances. The type and magnitude of energy used and strategies for energy management are
dependent upon the real estate asset class, among other factors. Generally, grid electricity is the predominant form of consumed energy, though on-site fuel combustion and renewable energy production also serve important roles. Energy costs may be borne by entities or property occupants; either way, energy management is a significant industry issue. To the extent that the real estate owner assumes direct responsibility for energy costs, such costs often represent significant operating costs, indicating the importance of energy management. Energy pricing volatility and a general trend of electricity price increases, energy-related regulations, potentially wide variations in energy performance in existing building stock, and opportunities for efficiency improvements through economically attractive capital investments all show the importance of energy management. Energy costs assumed by occupants, either in whole or in part, are nonetheless likely to affect entities through various channels. Building energy performance is a notable driver of tenant demand, because it allows them to control operating costs, mitigate potential environmental impacts, and, often just as importantly, maintain a reputation for resource conservation. Additionally, real estate owners may be exposed to energy-related regulations even if energy costs are the occupants’ responsibility. Overall, entities that effectively manage asset energy performance may realise reduced operating costs and regulatory risks, as well as increased tenant demand, rental rates and occupancy rates—all of which drive revenue and asset value appreciation. Improving energy performance is dependent upon property type and location, target tenant market, local building codes, physical and legal opportunities to deploy distributed renewable energy, the ability to measure consumption, and existing building stock, among other factors.
More",Infrastructure,Real Estate*
Water & Wastewater Management,Water Management,"Buildings consume significant amounts of water in their operations, through water fixtures, building equipment, appliances and irrigation. Water consumption operating costs may be significant depending on property type, tenant
operations, geographical locations and other factors. Entities can be responsible for a building’s water costs, or common area water costs, though entities commonly allocate all, or a portion, of these costs to occupants. In these arrangements, water management through tenant demand and regulatory exposure continues to be important. Tenants may assess real estate asset water efficiency to control operating costs, mitigate environmental impacts of operations, and, often just as importantly, develop a reputation for resource conservation. Additionally, real estate owners may comply with water-related regulations even if water costs are the occupants’ responsibility. Overall, entities that effectively manage asset water efficiency, even if they bear no direct water costs, may realise reduced operating costs and regulatory exposure, as well as increased tenant demand, rental rates and occupancy rates—all of which drive revenue and asset value appreciation. Long-term historic water expense increases and expectations of continued increases because of overconsumption and constrained supplies resulting from population growth and shifts, pollution and climate change show the importance of water management. Improving asset water efficiency is dependent upon the property type, water availability, target tenant market, local building codes, the ability to measure consumption and the existing building stock, among other factors.
More",Infrastructure,Real Estate*
Product Design & Lifecycle Management,Management of Tenant Sustainability Impacts,"Real estate assets generate significant sustainability impacts, including resource consumption (energy and water), waste generation and impacts on occupant health through indoor environmental quality. While entities own real estate assets, the tenant
operations of such assets dominate the sustainability impacts produced by the built environment. Tenants may design and construct leased spaces according to their operating needs. In turn, their operations consume significant amounts of energy and water, generate waste, and impact the health of those living, working, shopping, or visiting the properties. While these sustainability impacts often are often generated by tenant operations and activities, real estate owners play an important role in influencing tenant sustainability impacts. The way entities in the industry structure their agreements, contracts and relationships with tenants may be instrumental in managing the sustainability impacts of their tenants effectively, and ultimately, the impacts of their assets. Managing tenant sustainability impacts may include mitigating the problem of split incentives by aligning both parties’ financial interests with sustainability outcomes, establishing systematic measurement and communication of resource consumption data, creating shared performance goals, and mandating minimum sustainability performance or design requirements, among other strategies. Effective management of tenant sustainability impacts, particularly related to energy, water and indoor environmental quality, may drive asset value appreciation, increase tenant demand and satisfaction, decrease direct operating costs, or decrease risks related to building codes and regulations.
More",Infrastructure,Real Estate*
Physical Impacts of Climate Change,Climate Change Adaptation,"Climate change affects entities in the industry via frequent or high-impact extreme weather events and changing climate patterns. How an entity structures its business model to incorporate assessments of climate change risks, and the adaptation to
such risks, may increasingly be relevant to entity value over the long-term. More specifically, investment strategies with assets located on floodplains and in coastal regions exposed to inclement weather may require increased risk mitigation and business model adaptation to long-term climate change. These strategies are especially important considering the long-term challenges associated with flood insurance rates, the financial stability of government-subsidised flood insurance programs, and financing stipulations or other creditor concerns. Besides insurance, other risk mitigation measures include improvements to physical asset resiliency and lease terms that transfer risk to tenants, although these measures can create their own costs and risks for real estate entities. To ensure long-term growth, entities must implement comprehensive climate change adaptation strategies, account for trade-offs between various risk mitigation strategies, and integrate all projected cost and benefit considerations over the long-term.
More",Infrastructure,Real Estate*
Product Design & Lifecycle Management,Sustainability Services,"In the Real Estate Services industry, buildings owned or occupied by clients generally have significant sustainability impacts. Buildings, and the activities that take place within them, drive energy consumption, direct and indirect greenhouse gas
(GHG) emissions, water consumption, waste generation and indoor environmental quality concerns that can impact occupant health. Entities have an opportunity to improve the sustainability impacts of buildings and their operations through sustainability-related services. These services may include utility data management, energy procurement, energy and water benchmarking, resource efficiency improvements, activities related to sustainability certifications, and sustainability consulting and training. Entities may impact building sustainability further by arranging leases that incentivise both owners and tenants to improve sustainability performance, while yielding financial benefits for both parties. Providing these services may drive new revenue growth and increase client retention. Effective sustainability services may benefit owners or tenants through improved asset values, increased tenant demand, decreased operating costs and improved tenant experiences.
More",Infrastructure,Real Estate Services
Business Ethics,Transparent Information & Management of Conflict of Interest,"The real estate services business model is dependent on client trust and loyalty. To ensure long-term, mutually beneficial relationships, entities must provide services that satisfy the highest professional and ethical standards of the
industry. Professional integrity is an important governance issue. The range of services and the number of professionals within a single organisation can make the management of conflicts of interest more challenging. Brokerage and appraisal services may come with particularly high risk of conflicts of interest and negligence. To manage and avoid these risks, entities may implement a range of governance measures, including employee training, oversight, and policies, procedures and enforcement systems focused on transparency and appropriate disclosures. Effective risk management may result in increased client trust and improved brand value, adding to long-term revenue growth. Inadequate risk management may result in regulatory fines and penalties, as well as decreased client trust and reduced market share.
More",Infrastructure,Real Estate Services
GHG Emissions,Greenhouse Gas Emissions,"Landfills are a significant anthropogenic contributor to global greenhouse gas (GHG) emissions because they generate methane. As a result, regulators frequently require entities to limit landfill gas emissions. Entities can reduce these emissions
through a variety of control technologies that require significant capital investments such as landfill gas collection efficiency improvements, control devices and increased methane oxidisation. Entities can capture and combust methane using a flare, an engine or a turbine to reduce the overall toxicity and potency of raw emissions dramatically. Landfill gas capture is particularly important for owners and operators of large landfills that have been the focus of regulation. Entities that operate in the waste-to-energy industry segment may reduce waste lifecycle emissions through decreased future emissions from landfills and displaced energy generation, but they face increased Scope 1 emissions from waste-to-energy facilities operations. Overall, GHG emissions pose regulatory risks for the industry, with potential effects on operational costs and capital expenditures. Entities also may generate revenue through the sale of natural gas and energy from waste-to-energy facilities, as well as reduce fuel purchases by using processed landfill gas to power operations. Performance on this issue may affect an entity’s ability to secure new permits or renew existing ones, which can affect revenue.
More",Infrastructure,Waste Management
GHG Emissions,Fleet Fuel Management,"Many entities in the Waste Management industry own and operate large vehicle fleets for waste collection and transfer. The fuel consumption of vehicle fleets is a significant industry cost, both in terms of operating expenses and associated capital
expenditures. Fossil fuel consumption can contribute to environmental impacts, including climate change and pollution. These environmental impacts may affect waste management entities through increased regulatory exposure and reduced competitiveness of new contract proposals. Hedging fuel purchases is a common tool used to manage fleet-fuel risks; however, increasingly, waste management entities are upgrading to more fuel-efficient fleets or switching to natural gas vehicles. A cleaner-burning fleet also may be perceived favourably by communities living near waste management facilities with heavy traffic.
More",Infrastructure,Waste Management
Air Quality,Air Quality,"Air pollution is the presence of air contaminants in such quantities and duration that they may be injurious to humans, animals, plants or property. It also includes contaminants that interfere with enjoyment of life or property. Therefore, odours
and toxic gases, such as those emitted from landfills, landfill fires, waste incinerators and waste treatment plants, are considered air pollution. The financial consequences from excessive air emissions vary depending on the specific location of operations and the prevailing air emissions regulations, but they may include capital expenditures, increased operating costs, fines, and lawsuits from affected communities. Human health impacts and financial consequences of poor air quality management may be exacerbated by the proximity of waste management facilities to communities. Active management of air pollutants and odours—through technological and process improvements—therefore may mitigate regulatory exposure and associated future compliance costs from increasingly stringent air quality regulations, help entities secure and maintain permits, and protect their licence to operate.
More",Infrastructure,Waste Management
Waste & Hazardous Materials Management,Management of Leachate & Hazardous Waste,"Entities operating landfills must manage and reduce the risks of potential ecological impacts, including those caused by leachate and hazardous waste. Poor management of landfills and other disposal sites may contaminate soil, groundwater and nearby
water bodies. To mitigate environmental and health risks to local communities, entities must effectively contain and manage leachate, as well as hazardous waste. Entities unable to manage these risks may suffer regulatory penalties, lose brand value, impair future business prospects and face lawsuits.
More",Infrastructure,Waste Management
Labour Practices,Labour Practices,"Organised labour is important in the Waste Management industry. Covering many workers, collective bargaining agreements protect workers’ rights and establish wages. Waste management entities may be vulnerable to strikes, shutdowns and delays if
labour concerns are managed ineffectively. Proper management of, and communication around, labour issues such as worker pay and working conditions may prevent conflicts with workers that may result in extended strikes, which can slow or stop operations and create reputational risk. Waste management entities need a long-term perspective on managing workers—including their pay and benefits—in a way that protects workers’ rights and enhances productivity while ensuring the financial sustainability of an entity’s operations.
More",Infrastructure,Waste Management
Employee Health & Safety,Workforce Health & Safety,"The industry’s hazardous working conditions make safety a critical issue for waste management operations, and accidents can have a significant impact on workers. The Waste Management industry has higher fatality rates than most industries. Fatalities
and other injuries are caused primarily by transportation incidents, contact with hazardous objects and equipment, and exposure to harmful substances. Additionally, temporary workers may be at increased risk because of a lack of training or industry experience. Poor health and safety records may result in fines and penalties, increased regulatory compliance costs and more stringent oversight. Waste management entities must ensure facilities and vehicles are operated with the highest safety standards and that the number of injuries and accidents is minimised through a strong safety culture. Entities that develop proactive safety management plans and training requirements for employees and contractors, including conducting regular audits, may improve workforce safety and minimise the chance of safety-related financial repercussions.
More",Infrastructure,Waste Management
Business Model Resilience,Recycling & Resource Recovery,"Recycling, reuse, composting and incineration are general methods of diverting waste from landfills. Landfill diversion can mitigate some of the environmental impacts of landfills and reduce the need for landfill expansion. Additionally, waste
management entities play a critical role in the circular economy by separating and recovering reusable materials such as paper, glass, metal, organic materials and electronic waste. New regulations, customer demand and the increasing costs of extracting virgin materials are encouraging the development of a circular economy. As a result, waste management entities are facing a decrease in landfilled waste and an expanding recycling market. Cradle-to-cradle approaches initiated by other industries may fail if the recovery and recycling infrastructure or technologies do not exist. Entities that provide recycling and other resource recovery services will address changing consumer needs better, thereby positioning themselves for revenue growth while playing a critical role in reducing the environmental impact of the wider economy.
More",Infrastructure,Waste Management
Energy Management,Energy Management,"Entities in the Water Utilities & Services industry consume significant amounts of energy for the withdrawal, conveyance, treatment, and distribution or discharge of potable water and wastewater. Typically, an entity’s largest operating cost after
purchased water, chemicals, labour and utility operating costs is energy use. Purchased grid electricity is the most common energy input. In more remote locations, entities may use on-site generation to power equipment. The inefficient use of purchased grid electricity creates environmental externalities, such as increased Scope 2 greenhouse gas emissions. Environmental regulations may affect the future grid energy mix, resulting in price increases. Additionally, climate change is expected to impact grid reliability and affect the availability of water resources. As a result, water utility energy intensity may increase in the future as water resource access becomes more difficult. Alternative water treatment, such as recycling and desalination, also can require more energy. Together with decisions about the use of alternative fuels, renewable energy and on-site electricity generation, energy efficiency can influence both the cost and the reliability of the energy supply.
More",Infrastructure,Water Utilities & Services
Water & Wastewater Management,Distribution Network Efficiency,"Water utilities develop, maintain and operate complex interconnected infrastructure networks that include extensive pipelines, canals, reservoirs and pump stations. Distribution networks may lose significant volumes of water (called ‘non-revenue
water’ because it is a distributed volume of water not reflected in customer billings). This water is lost primarily because of infrastructure failures and inefficiencies, such as leaking pipes and service connections. Non-revenue real water losses may impact financial performance, raise customer rates, and squander water and other resources such as energy and treatment chemicals. Conversely, improvements to infrastructure and operating processes may limit non-revenue losses, increase revenue and reduce costs. Efficiently directing operational and maintenance expenses or capital expenditures to distribution systems including primarily pipeline and service connection repair, refurbishment, or replacement may improve entity value and provide strong investment returns.
More",Infrastructure,Water Utilities & Services
Water & Wastewater Management,Effluent Quality Management,"Water and wastewater treatment facilities produce effluent that may pose risks to the environment and human health. Effluent includes residuals and solids that consist of chemicals used in the treatment process and contaminants removed from raw water
or wastewater inputs. Facilities discharge treated effluent into surface water or pump it into groundwater. Potential environmental impacts vary depending on the treatment and disposal process. Additionally, consumers and regulators are becoming increasingly concerned by substances that may not be treated by wastewater facilities, such as endocrine disrupting chemicals (EDCs). Because of the environmental risks associated with effluent, treatment facilities are subject to extensive environmental regulations to control and monitor their impact. As public and regulatory scrutiny of effluent quality increases with emerging concerns about some potentially harmful substances, entities may need to innovate to ensure effluent is not harmful to the environment or human health. Effluent discharges exceeding jurisdictional limits may result in significant regulatory penalties, and frequent or severe episodes may jeopardise a utility’s social licence to operate. Entities can avoid the financial consequences of poor effluent quality management through infrastructure and equipment planning, maintenance and operations, as well as the deployment of appropriately trained and experienced labour.
More",Infrastructure,Water Utilities & Services
Access & Affordability,Water Affordability & Access,"Reliable clean water access is considered a basic human right in most jurisdictions. Affordable pricing and sufficient access are essential components of this right. Thus, structuring water rates in a way that the community perceives to be fair is an
important part of the operations and functions of entities in the Water Utilities & Services industry. Entities that collabourate with regulators to implement rate structures that are well-received by the communities they service may be better able to maintain financial stability and take advantage of opportunities for growth—especially because of the widespread underfunding of water infrastructure in many regions. Entities that use rate mechanisms that inhibit access to water through prohibitive costs or otherwise, may face community opposition. Entities should ensure fair pricing and access, as well as rates that can adequately fund infrastructure over the long term, provide safe drinking water and wastewater treatment, and receive appropriate returns on capital.
More",Infrastructure,Water Utilities & Services
Product Quality & Safety,Drinking Water Quality,"Entities in the industry must ensure that drinking water conforms to health regulations, satisfies customer expectations and is supplied reliably. To protect human health, entities must protect water sources from contamination, which also may reduce
treatment processes and costs for entities. Comprehensive treatment processes are designed, developed and maintained to meet water quality standards, and the finished water output is monitored routinely for compliance and safety. Natural disasters, such as forest fires and flooding, may also affect water quality. Overall, entities invest significant resources to deliver safe drinking water consistently to customers. Failure to ensure adequate water quality may result in regulatory fines, litigation, increased operating costs or capital expenditures, reputational risk, and asset or business seizure.
More",Infrastructure,Water Utilities & Services
Business Model Resilience,End-Use Efficiency,"Consumer level water efficiency and conservation—whether a product of government mandates, environmental consciousness or demographic trends—is increasingly important for long-term resource availability and the financial performance of the water
supply segment of the industry. How utilities work with regulators to mitigate revenue declines while increasing end-use resource efficiency may be financially material. Water efficiency mechanisms, including rate decoupling, may ensure that a utility’s revenue can adequately cover its fixed costs and provide the desired level of returns regardless of sales volume, while incentivising customers to conserve water. Efficiency mechanisms can align utilities’ economic incentives with environmental and social interests, including improved resource efficiency, lower rates and increased capital investments in infrastructure. Water utilities may manage rate mechanism impacts through positive regulatory relations, forward-looking rate cases that incorporate efficiency and a strong execution of efficiency strategy.
More",Infrastructure,Water Utilities & Services
Materials Sourcing & Efficiency,Water Supply Resilience,"Water supply systems obtain water from groundwater and surface water sources. Water supplies either may be accessed directly or purchased from a third party, often a government entity. Water scarcity, water source contamination, infrastructure
failures, regulatory restrictions, competing users and overconsumption by customers are all factors that may jeopardise sufficient water supply access. These issues, combined with an increasing risk of extreme and frequent drought conditions because of climate change, may result in inadequate supplies or mandated water restrictions. The related financial impacts may manifest in diverse ways, depending on rate structure, but are most likely to impact entity value through decreased revenue. Water supply challenges also may increase the price of purchased water, which could result in higher operating costs. Failures of critical infrastructure such as aqueducts and canals, which could result from events such as earthquakes, can present catastrophic risks to customers of the water supply system and could inflict untold financial consequences. Entities may mitigate water supply risks (and the resulting financial risks) through diversification of water supplies, sustainable withdrawal levels, technological and infrastructure improvements, contingency planning, positive relations with regulators and other major users, as well as rate structures.
More",Infrastructure,Water Utilities & Services
Physical Impacts of Climate Change,Network Resiliency & Impacts of Climate Change,"Climate change may create uncertainty for water supply systems and wastewater systems because of potential impacts on infrastructure and operations. Climate change may result in increased water stress, more frequent severe weather events, reduced
water quality and rising sea levels that could impair utility assets and operations. Water supply and wastewater disposal are basic services for which maintaining operational continuity is of utmost importance. The increasing frequency and severity of storms challenge water and wastewater treatment facilities, and these factors can affect service continuity. Intense precipitation may result in sewage volumes that exceed treatment facility capacity resulting in the release of untreated effluent. Minimising current and future risks of service disruptions and improving service quality may require additional capital expenditures and operational expenses. As the likelihood of extreme weather events increases, entities that address these risks through redundancies and strategic planning may better serve customers and improve performance.
More",Infrastructure,Water Utilities & Services
Air Quality,Air Quality,"Biofuel refineries generate air emissions that may include air pollutants and volatile organic compounds. Grain-handling equipment, boilers, wastewater treatment, and cooling, drying, distillation and fermentation units generate emissions. In most
regions, such emissions typically are subject to jurisdictional regulations that limit emissions below specific thresholds. As a result, air emissions often are subject to emissions permits and abatement that may result in incremental operating and compliance costs or capital expenditures. Entities also may face regulatory penalties, as well as permit restrictions or delays from jurisdictional legal or regulatory authorities for non-compliance.
More",Renewable Resources & Alternative Energy,Biofuels
Water & Wastewater Management,Water Management in Manufacturing,"Biofuel refining is water-intensive. Biorefineries require water for feedstock processing, fermentation, distillation and cooling. Although water use at biorefineries is modest relative to the quantities consumed during feedstock crop production, it
is concentrated, and thus may affect local water resources. Facilities also may generate wastewater containing salts, organic compounds, dissolved solids, phosphorus and other substances, requiring wastewater treatment. Biofuel refineries also may face reduced water availability, related cost increases or operational disruptions. Water extraction from particular areas for refining, as well as contamination of water supplies because of refining operations, also could create regulatory risk and tensions with local communities. Water efficiency in operations and the proper treatment of effluents are therefore important for biofuels entities.
More",Renewable Resources & Alternative Energy,Biofuels
Product Design & Lifecycle Management,Lifecycle Emissions Balance,"The rapid growth in global biofuels production has been encouraged by government energy policies that seek to reduce net GHG emissions from transportation fuels and dependence on fossil fuels. Most major renewable-fuel policies worldwide require that
biofuels achieve lifecycle GHG emissions reductions relative to a fossil-fuel baseline to qualify for renewable fuel-mandate thresholds. The biofuel lifecycle emission calculation may include indirect and direct emissions from feedstock crop production and land use, fuel refining, fuel and feedstock transport, and vehicle exhaust emissions. Biofuel producers may influence net emissions directly during the refining process through energy management (fuel use), process innovations and by using feedstocks with lower emissions profiles. Fuel products that achieve a reduction in net emissions may qualify as advanced biofuels, which could increase future demand. Biofuel entities that cost-effectively reduce product net carbon emissions may gain a competitive product advantage, spur revenue growth and increase market share.
More",Renewable Resources & Alternative Energy,Biofuels
Supply Chain Management,Sourcing & Environmental Impacts of Feedstock Production,"The Biofuels industry uses a variety of plant-based feedstocks for production. Most entities purchase feedstocks from agricultural producers and distributors. A growing proportion of the world’s arable land now is occupied by biofuel
crops. Unsustainable cultivation practices can have negative environmental externalities, including deforestation and biodiversity loss, soil degradation, and water pollution. These factors may affect feedstock crop yields adversely over the short- and long-term. This, in turn, may influence the price and availability of feedstocks for biofuels producers. Consequently, vetting the sustainability of supply chains, such as through certifications or engagement with suppliers, is an important consideration for biofuels producers.
More",Renewable Resources & Alternative Energy,Biofuels
Management of the Legal & Regulatory Environment,Management of the Legal & Regulatory Environment,"The Biofuels industry is dependent on government policies and regulations that create market demand and incentivise supply with tax breaks and other support for feedstock production. The Biofuels industry supports some regulations and policies
related to renewable fuel policy, production tax credits and feedstock production. While regulatory support can result in positive short-term gains by supporting the biofuels market, the potential long-term adverse environmental impacts from feedstock and biofuels production may result in a reversal of beneficial policies, leading to a more uncertain regulatory environment. Consequently, biofuels entities may benefit from developing clear strategies for engaging regulators that are aligned with long-term sustainable business outcomes and that account for environmental externalities.
More",Renewable Resources & Alternative Energy,Biofuels
Critical Incident Risk Management,"Operational Safety, Emergency Preparedness & Response","Biofuel production presents operational safety hazards because of the presence of flammable and explosive substances, high temperatures, and pressurised equipment. Process safety incidents can damage facilities, injure workers, and affect the local
environment and communities. Although the frequency of accidents in the industry is relatively low, when they do take place, the outcomes may be severe, with significant effects on financial performance. Damaged facilities may be inoperable for extended periods, resulting in lost revenues and large capital expenditures for repairs. Entities perceived to be at a greater risk of process safety incidents may have a higher cost of capital, while workforce injuries could result in regulatory penalties and litigation. Conversely, entities with a strong safety culture and operational safety oversight may detect and respond more effectively to such incidents, mitigating potential financial risks and improving operational efficiency.
More",Renewable Resources & Alternative Energy,Biofuels
Ecological Impacts,Ecosystem Services & Impacts,"Along with their timber output, forests provide valuable ecosystem services including carbon sequestration, wildlife habitat, water purification and storage, soil formation, and recreational opportunities. Meanwhile, in many regions, regulations
related to water quality and endangered species protection, as well as harvesting rights that are contingent upon environmental preservation, may create operational risks for entities. As such, protecting or enhancing ecosystem services within managed forestlands could mitigate reputational, demand and operational risks related to the potential adverse environmental impacts of forestry. Entities increasingly use third-party certification to show sustainable forestry management practices that serve to enhance forest asset value and productivity, as well as to meet rising consumer demand for sustainably produced forest products.
More",Renewable Resources & Alternative Energy,Forestry Management
Human Rights & Community Relations,Rights of Indigenous Peoples,"Forests contribute directly to the livelihoods of millions of people worldwide. Effective relations and engagement with local communities and indigenous populations are important to many forestry entities. Communities may be affected by forestry
management operations because of environmental degradation or competition for natural resources such as land and water. Conflict with local communities, including indigenous populations, may affect an entity’s ability to operate in some regions, result in regulatory action, and could affect brand value adversely. Conversely, entities may provide benefits to community stakeholders through employment opportunities, revenue sharing and increased commerce. Entities may adopt various community engagement strategies to manage the risks and opportunities associated with community rights and interests, such as maintaining positive relations with local stakeholders and accommodating communities’ needs.
More",Renewable Resources & Alternative Energy,Forestry Management
Physical Impacts of Climate Change,Climate Change Adaptation,"Global climate change may create long-term business uncertainty for some forestry management entities. Variations in precipitation patterns and temperatures, more frequent extreme weather events and forest fires, and an increased prevalence of tree
diseases and pests may impact timberlands adversely through increased mortality or diminished productivity. Conversely, positively impacting forest productivity, climate change also may facilitate forest productivity through increased atmospheric carbon dioxide, a longer growing season, moderating temperatures in high latitudes, greater precipitation, and expanded geographical ranges for some species. Considering such variability, entities may benefit from identifying and understanding potential long-term impacts of climate change on the productivity of forestlands and from adjusting forestry management strategies to optimise the productivity of their forestland assets.
More",Renewable Resources & Alternative Energy,Forestry Management
Energy Management,Energy Management,"Manufacturing in the Fuel Cells & Industrial Batteries industry requires energy to power machines and cooling, ventilation, lighting and product-testing systems. Purchased electricity is a major share of the energy sources used in the industry and
accounts for a notable proportion of the total cost of materials and value added. Various sustainability factors are increasing the cost of conventional electricity while making alternative sources cost-competitive. Energy efficiency efforts may have a significant positive impact on operational efficiency and profitability, especially because many entities operate on relatively low or negative margins. By improving manufacturing process efficiency and exploring alternative energy sources, fuel cell and industrial battery entities may reduce both their indirect environmental impacts and their operating expenses.
More",Renewable Resources & Alternative Energy,Fuel Cells & Industrial Batteries
Employee Health & Safety,Workforce Health & Safety,"Fuel cell and industrial battery manufacturing workers may be exposed to hazardous substances or workplace accidents that can have chronic or acute health impacts. Entities may face litigation because of injuries or chronic health impacts from
working in fuel cell and battery manufacturing or recycling facilities. Entities that develop and implement strong safety processes and internal controls, including through providing health and safety training, protective gear, improved ventilation, and regular health monitoring, can improve workforce health and safety performance and mitigate regulatory and litigation risks.
More",Renewable Resources & Alternative Energy,Fuel Cells & Industrial Batteries
Product Design & Lifecycle Management,Product Efficiency,"Both customer demand and regulatory requirements are driving innovation in energy-efficient products with lower environmental impacts and lower total cost of ownership. Therefore, research and development in the Fuel Cells & Industrial Batteries
industry that drive energy and thermal efficiency and enhance storage capacities may lower barriers to adoption. Advances in battery technology to increase storage capabilities and improve charging efficiencies, while reducing costs for customers, are critical for the integration of renewable energy technologies into the grid. Pressured by stricter environmental regulations, high energy costs and customer preferences, fuel cell and industrial battery manufacturers that improve efficiency in the use phase may increase revenue and market share.
More",Renewable Resources & Alternative Energy,Fuel Cells & Industrial Batteries
Product Design & Lifecycle Management,Product End-of-life Management,"As the rate of adoption of fuel cells and industrial batteries increases and more products reach their end of life, designing products to facilitate end-of-life management and maximise materials efficiency may become increasingly important. Fuel
cells and batteries may contain hazardous substances, which must be properly discarded because they can pose human health or environmental risks. The emergence of several laws regarding the end-of-life phase of batteries recently has increased the importance of the issue, creating potential added costs of managing risks, as well as opportunities, through regulatory incentives. Effective design for disassembly and reuse or recycling will be an important element for increasing recovery rates to reduce the lifecycle impacts of fuel cells and batteries. Furthermore, given the input-price volatility and resource constraints of some raw materials, fuel cell and industrial battery entities that develop take-back and recycling systems and reuse recovered materials in manufacturing may increase their long-term operational efficiency and improve their risk profile.
More",Renewable Resources & Alternative Energy,Fuel Cells & Industrial Batteries
Materials Sourcing & Efficiency,Materials Sourcing,"Manufacturing some types of industrial batteries and fuel cells requires an available supply of materials such as lithium, cobalt, nickel and platinum. Access to these materials is critical for the continuous development and scaling of clean energy
technologies like fuel cells and industrial batteries. Limited global resources of these critical materials, as well as their concentration in countries that may have relatively limited governance and regulatory structures or are subject to geopolitical tensions, expose entities to the risk of supply-chain disruptions and input-price increases or volatility. At the same time, competition from other industries that use the same critical materials or employ fuel cell and battery technologies may exacerbate supply risks. Fuel cell and industrial battery entities with strong supply-chain standards and the ability to adapt to increasing resource scarcity may protect shareholder value better. Entities that reduce the use of critical materials and secure supply of the materials they do use may mitigate potential financial effects because of supply disruptions, volatile input prices, and reputational and regulatory risks.
More",Renewable Resources & Alternative Energy,Fuel Cells & Industrial Batteries
GHG Emissions,Greenhouse Gas Emissions,"The manufacturing of pulp and paper products generates direct greenhouse gas (GHG) emissions associated with the combustion of fossil fuels and biomass in stationary and mobile engines, cogeneration boilers, and other processing equipment. Entities
in this industry also typically use significant amounts of carbon-neutral biomass for their energy needs, the use of which may reduce the costs associated with purchasing fossil fuels, as well as mitigate regulatory risk associated with carbon emissions. Emissions associated with fossil fuel sources may add regulatory compliance costs, depending on the magnitude of emissions and the prevailing emissions regulations. Entities that cost-effectively manage GHG emissions through greater energy efficiency, alternative fuels use or manufacturing process improvements may benefit from improved operating efficiency and reduced regulatory compliance costs.
More",Renewable Resources & Alternative Energy,Pulp & Paper Products
Air Quality,Air Quality,"Pulp and paper products mills generate air emissions including sulphur oxides, nitrogen oxides and particulate matter. The sources of emissions include cogeneration fuel boilers, pulp and paper pressure chambers, wood chip pulping, pulping chemical
recovery, and process engines. Although emissions from the industry have declined considerably in recent years, emissions abatement expenditures may be significant, while evolving air-quality regulations can create regulatory uncertainty. Entities that can cost-effectively reduce air emissions may improve operational efficiency, benefit from a lower cost structure and mitigate regulatory risk.
More",Renewable Resources & Alternative Energy,Pulp & Paper Products
Energy Management,Energy Management,"Pulp and paper products manufacturing is energy-intensive. In most facilities, entities generate energy primarily from the combustion of biomass and fossil fuels, although purchased electricity also may be used in some facilities. Decisions regarding
on-site electricity generation versus sourcing it from the grid, as well as the use of biomass and other renewable energy, may create trade-offs related to the energy supply’s cost and reliability for operations and the extent of the regulatory risk from Scope 1 or other air emissions. The way an entity manages energy efficiency, its reliance on varied types of energy and the associated sustainability risks, and its access to alternative energy sources, may mitigate the effects of energy cost variability.
More",Renewable Resources & Alternative Energy,Pulp & Paper Products
Water & Wastewater Management,Water Management,"Pulp and paper products manufacturing is typically water-intensive in materials processing, process cooling and steam generation at on-site energy plants. Entities require ample, stable water supplies and may produce large volumes of wastewater, the
majority of which is treated and returned to the environment. Process water typically contains dissolved organic compounds and other solids, underscoring the importance of water treatment. In addition to water effluents, water availability is an important consideration because water scarcity may result in higher supply costs, supply disruptions or tension with local water users. Entities may adopt various strategies to address water supply and treatment issues, such as cost-effectively enhancing the recycling of process water, improving production techniques to lower water intensity, and ensuring compliance with water-effluent regulations.
More",Renewable Resources & Alternative Energy,Pulp & Paper Products
Supply Chain Management,Supply Chain Management,"Pulp and paper products entities source wood and wood fibre from forestry management entities, paper fibre recyclers and forests that the entities themselves manage. Supply chain risks include decreased productivity of forestlands because of
management practices or climate change, regulations addressing sustainable forest management, and reputational effects. To mitigate such risks and satisfy growing customer demand for sustainably sourced fibre and paper products, manufacturers implement forest certification and fibre chain-of-custody standards which verify that virgin and recycled fibre originate from sustainably managed forests. In addition, pulp and paper manufacturers may face trade-offs from the use of recovered fibre. Products with recycled content are increasingly in demand, providing a possible avenue for product differentiation, while using recycled fibre can minimise the need for virgin fibre. Conversely, manufacturing products with a greater recycled content may increase waste generation and energy consumption, while recycled fibre can be costlier, given demand–supply gaps. Therefore, entities may benefit by optimising recycled fibre use to balance its environmental and economic trade-offs.
More",Renewable Resources & Alternative Energy,Pulp & Paper Products
Energy Management,Energy Management in Manufacturing,"Solar panel manufacturing typically uses electrical energy purchased from the grid. Energy can account for a considerable share of the total cost of production. Considering rising energy costs and regulatory uncertainty surrounding the future of
fossil-based energy, entities that diversify their energy sources may manage the associated risks and maintain a reliable energy supply more effectively. Entities that minimise energy use through effective energy management may reduce costs and gain a competitive advantage through operational efficiency and competitive pricing of products. Competitively priced products are particularly important given the intense price competition within the solar technology industry.
More",Renewable Resources & Alternative Energy,Solar Technology & Project Developers
Water & Wastewater Management,Water Management in Manufacturing,"Solar photovoltaic panel manufacturing can be water-intensive, and ultra-pure water is a critical input in some processes. The manufacturing process also may generate wastewater, which must be treated before disposal or reuse, and therefore may
result in incremental operating costs and capital expenditures. Furthermore, depending on the location, solar equipment manufacturing facilities may face water scarcity and related cost increases or operational disruptions. Water resource use may generate tension with local water users and associated risks, potentially disrupting manufacturing operations and adversely affecting brand value. To mitigate water supply and treatment risks, entities may adopt various strategies such as recycling process water, improving production techniques to lower water intensity, and improving water treatment systems.
More",Renewable Resources & Alternative Energy,Solar Technology & Project Developers
Waste & Hazardous Materials Management,Hazardous Waste Management,"Solar panel manufacturing may use hazardous substances that can cause adverse health and environmental impacts if not properly managed. Common thin-film technologies use materials including cadmium, gallium arsenide and copper indium gallium
(di)selenide, which require careful handling during manufacturing and disposal. The handling and disposal of hazardous wastes produced during manufacturing may result in increased operating costs, capital expenditures, and in some instances regulatory costs. As such, effective management of hazardous materials, including through reduction, reuse, recycling, and safe storage and disposal, may reduce operating costs and mitigate potential regulatory penalties or reputational damage.
More",Renewable Resources & Alternative Energy,Solar Technology & Project Developers
Ecological Impacts,Ecological Impacts of Project Development,"Many large, publicly listed solar technology entities conduct project development, including the evaluation and acquisition of land rights, site permitting, and engagement with stakeholders. Successful development may be contingent on securing
environmental permitting approval and permission from local governments and communities. Siting of medium or large solar installations in ecologically sensitive areas, including endangered species habitats, may render environmental permitting more difficult and costly. Project development also may be affected by local land-use laws and community opposition to projects because of their land footprint or concerns over local water resource impacts. These factors may slow or disrupt the development process, possibly resulting in higher costs, lost revenues or project delays. Entities with robust strategies for environmental impact assessment and mitigation may reduce the risk of project delays, increasing the likelihood of timely project completion.
More",Renewable Resources & Alternative Energy,Solar Technology & Project Developers
Product Design & Lifecycle Management,Management of Energy Infrastructure Integration & Related Regulations,"Entities in the industry have faced challenges in establishing solar energy as a cost-competitive means of energy production and GHG reduction, and they have encountered difficulty in capturing a greater market share of global energy generation. To
promote greater adoption of solar, the industry may benefit by preventing systemic disruptions to the existing energy infrastructure and essential energy services. Entities are innovating to overcome the technical challenges of increasing solar integration with the grid. They also are engaging regulatory agencies and policymakers to reduce regulatory barriers to solar energy adoption, many of which are emerging because of concerns regarding increasing overall grid electricity costs and grid disruptions. Solar entities are investing in innovative technologies to reduce hardware and installation costs, and they are pursuing business-model innovation to reduce the cost of capital and facilitate the purchase of solar energy systems. Solar technology entities may improve their competitiveness through deploying one or more of these strategies successfully to ensure their ability to scale over the long term.
More",Renewable Resources & Alternative Energy,Solar Technology & Project Developers
Product Design & Lifecycle Management,Product End-of-life Management,"Solar panels may contain hazardous substances as well as reusable materials of high economic value. Given the rapid expansion of solar energy globally, increasing volumes of solar panels are expected to reach the end of their useful life in the
medium term. In some regions, manufacturers may be required by law to take financial responsibility for their products at the end-of-life stage, including collection and recycling. Product take-back, recycling and disposal may result in higher upfront investments or capital expenditures for entities. However, as more modules reach the end of their useful life and this issue receives more legislative attention, entities may differentiate themselves through offering product take-back and recycling services. This may increase revenues as well as result in lower long-term costs by reusing recovered materials in manufacturing processes.
More",Renewable Resources & Alternative Energy,Solar Technology & Project Developers
Materials Sourcing & Efficiency,Materials Sourcing,"Solar technology entities typically source numerous materials including polysilicon, metals, glass and electrical components. Entities additionally use specific materials critical to solar panel and module manufacturing. Limited global resources of
these critical materials, as well as their concentration in countries that may have relatively limited governance and regulatory structures or may be subject to geopolitical tensions, expose entities to the risk of supply chain disruptions and input-price increases or volatility. Entities may mitigate associated risks by ensuring supply chain transparency, sourcing materials from reliable suppliers or regions that have minimal environmental or social risks and supporting research into alternative inputs.
More",Renewable Resources & Alternative Energy,Solar Technology & Project Developers
Employee Health & Safety,Workforce Health & Safety,"Many wind turbine manufacturers offer operations and maintenance (O&M) services for wind farm owners or operators together with product sales. These activities may include installation, maintenance, monitoring and repairing turbine installations. The
wind farm O&M segment maintains a high safety standard because the work is inherently hazardous. Hazards include physical hazards such as falls from heights and moving mechanical parts, as well as electrical hazards. The quality of O&M services therefore is critical for the safety of wind farm operations, with the potential to affect entity reputations and demand for products and services. Operational downtime and effects on wind farm insurance costs because of accidents may add to wind farm operating costs. Wind farm owners or developers therefore may consider turbine and service provider safety records in requests for tender. Entities that improve turbine and O&M safety may reduce operating costs and extraordinary expenses.
More",Renewable Resources & Alternative Energy,Wind Technology & Project Developers
Product Design & Lifecycle Management,Ecological Impacts of Project Development,"Wind farm development involves siting, land acquisition, permitting and engagement with local stakeholders to manage environmental and community impacts. Offshore developments may affect the marine ecosystem, and both on and offshore wind farms may
have adverse effects on local animal populations, some of which may be endangered. Obtaining environmental and construction permits for projects may be delayed or prevented if regulators or community members have concerns about the ecological impacts of the development. Wind project approval directly affects equipment manufacturers through demand for turbines. Although manufacturers typically do not control the project approval process, research and development investments may minimise ecological impacts, resulting in long-term benefits. These measures could facilitate project approvals and give wind technology manufacturers a competitive advantage, potentially increasing their market share over time.
More",Renewable Resources & Alternative Energy,Wind Technology & Project Developers
Materials Sourcing & Efficiency,Materials Sourcing,"Wind technology entities source materials from global supply chains for use in turbines, including critical materials, such as neodymium and dysprosium, and critical minerals including tantalum and tungsten. Materials sourcing risks result from a low
substitution ratio, the concentration of deposits in a few countries, geopolitical considerations, and competition from other industries. Direct drive turbines, which increasingly are being used for reliability, may require significantly more critical materials than more traditional drive trains. Entities may minimise negative externalities and protect themselves from related input cost volatility and supply constraints by creating transparent supply chains, sourcing materials from reliable suppliers or regions that have minimal environmental or social risks associated with them, supporting research into alternative inputs, and reducing reliance on these materials.
More",Renewable Resources & Alternative Energy,Wind Technology & Project Developers
Materials Sourcing & Efficiency,Materials Efficiency,"The Wind Technology & Project Developers industry’s long-term success depends on producing energy at a comparatively lower cost than other energy sources. Steel and other materials purchases are one of the largest costs of turbines, and inputs such
as steel have exhibited price volatility in the past. In recent years, wind turbines have grown in size, in terms of both the tower height and the swept area of the rotor, to improve energy output and increase the potential for wind energy production in more areas. To achieve this expansion cost-effectively, entities may employ innovative methods to increase turbine output while using materials more efficiently. Increased output and efficiency could influence entities’ competitiveness and market share, costs of production, and operational risks related to the supply and price volatility of raw materials, as well as the ability of the entity to scale.
More",Renewable Resources & Alternative Energy,Wind Technology & Project Developers
Energy Management,Energy Management,"Energy is a critical input to aerospace and defence manufacturing processes. Purchased electricity is the largest share of the industry’s energy expenditures, followed by purchased fuels. The type of energy used, magnitude of consumption and energy
management strategies depend on the type of products manufactured. An entity’s energy mix, including electricity generated on-site, grid-sourced electricity and alternative energy, may influence the cost and reliability of energy supply and, ultimately, affect the entity’s cost structure and regulatory risk.
More",Resource Transformation,Aerospace & Defence
Waste & Hazardous Materials Management,Hazardous Waste Management,"Aerospace and defence product manufacturing may generate hazardous process waste, which may include heavy metals and wastewater treatment sludge. Entities face regulatory and operational challenges in managing waste, since some wastes are subject to
regulations pertaining to their transport, treatment, storage and disposal. Waste management strategies include reduced generation, effective treatment and disposal, and recycling and recovery, when possible. Such activities, although requiring initial investment or operating costs, may reduce an entity’s long-term cost structure and mitigate remediation liabilities or regulatory penalties.
More",Resource Transformation,Aerospace & Defence
Data Security,Data Security,"Entities in the Aerospace & Defence industry may develop sensitive military and advanced aviation products, and entities in this industry therefore may be at risk for cyber-attacks. A data security breach may be costly for an entity and its clients
when information systems are compromised. Ensuring data security may require aerospace and defence entities to invest in research and development and increase capital expenditures in the short to medium term to improve the security of systems and products. Significant or frequent disruptions or security breaches may result in regulatory action, legal action, or adversely affect revenues and brand value.
More",Resource Transformation,Aerospace & Defence
Product Quality & Safety,Product Safety,"Product safety is an important consideration for aerospace and defence entities given the industry’s important role in commercial aviation and military operations. Product safety incidents could result in financial impacts, including increased
costs, regulatory penalties or brand-value impacts that could affect market share adversely. Additionally, counterfeit components have been found in the aerospace and defence supply chain, increasing the risk of safety incidents because of low product quality. Through product design, supplier vetting and customer engagement involving maintenance and accident investigations, entities in this industry may ensure the safety of their products over the long term, mitigating potential financial consequences such as revenue loss because of repeated safety incidents or recalls.
More",Resource Transformation,Aerospace & Defence
Product Design & Lifecycle Management,Fuel Economy & Emissions in Use-phase,"Customer preferences and regulatory incentives are increasing the demand for energy-efficient and reduced-emissions products in the Aerospace & Defence industry. Many of the industry’s products are powered by fossil fuels and release greenhouse gases
(GHGs) and other air emissions during use. As the designers and manufacturers of most of the global aerospace and defence transportation fleet, entities in this industry have a unique opportunity to support many industries and government agencies that are striving to meet GHG emissions and fuel-management goals and imperatives. Products with higher fuel economy and lower use-phase emissions may capture expanding market share and adapt to changing customer preferences and regulations around fuel economy and emissions more effectively.
More",Resource Transformation,Aerospace & Defence
Materials Sourcing & Efficiency,Materials Sourcing,"Aerospace and defence entities are exposed to supply chain risks when critical materials are used in products. Entities in the industry manufacture products using critical materials with few or no available substitutes, many of which are sourced from
only a few countries that may be subject to geopolitical uncertainty. Entities in this industry also face increasing global demand for these materials from other sectors, which may result in price increases and supply risks. Entities that limit the use of critical materials by using alternatives and securing their supply may mitigate the financial impacts stemming from supply disruptions and volatile input prices.
More",Resource Transformation,Aerospace & Defence
Business Ethics,Business Ethics,"Aerospace and defence entities based in jurisdictions with stronger business ethics laws may be vulnerable to regulatory scrutiny of their business ethics because of operations and sales in regions with weaker government enforcement of business
ethics laws. Entities in this industry have been found in violation of corruption and anti-bribery laws. Unethical practices may jeopardise future revenue growth and may result in significant legal costs and higher reputational risk. As such, strong governance practices may mitigate the risk of violating business ethics laws and resulting regulatory penalties or brand-value impacts.
More",Resource Transformation,Aerospace & Defence
GHG Emissions,Greenhouse Gas Emissions,"Chemical manufacturing generates direct (Scope 1) greenhouse gas (GHG) emissions from fossil fuel combustion in manufacturing and cogeneration processes, as well as process emissions from the chemical transformation of feedstocks. GHG emissions may
result in regulatory compliance costs or penalties and operating risks for chemicals entities. However, the financial effects may vary depending on the magnitude of emissions and the prevailing emissions regulations. The industry may be subject to increasingly stringent regulations as countries try to limit or reduce emissions. Entities that cost-effectively manage GHG emissions through greater energy efficiency, the use of alternative fuels or manufacturing process advances may benefit from improved operating efficiency and reduced regulatory risk, among other financial benefits.
More",Resource Transformation,Chemicals
Air Quality,Air Quality,"In addition to greenhouse gases (GHGs), chemical manufacturing may produce air emissions including sulphur dioxides (SOx), nitrogen oxides (NOx) and Hazardous Air Pollutants (HAPs). As with GHGs, these emissions typically stem from fuel combustion
and feedstock processing. Relative to other industries, the Chemicals industry is a more significant source of some of these emissions. Entities face operating costs, regulatory compliance costs, regulatory penalties in the event of non-compliance and capital expenditures related to emissions management, although related financial effects may vary depending on the magnitude of emissions and the prevailing regulations. As such, an entity that actively manages the issue through technological process improvements or other strategies may mitigate such impacts, improve financial performance and enhance brand value.
More",Resource Transformation,Chemicals
Energy Management,Energy Management,"Chemical manufacturing is typically energy-intensive, with energy used to power processing units, cogeneration plants, machinery and non-manufacturing facilities. The type of energy used, amount consumed and energy management strategies depends on
the type of products manufactured. Typically, fossil fuels such as natural gas and natural gas liquids are the predominant form of non-feedstock energy used, while purchased electricity also may be a significant share. Therefore, energy purchases may be a significant share of production costs. An entity’s energy mix may include energy generated on-site, purchased grid electricity and fossil fuels, and renewable and alternative energy. Trade-offs in the use of energy sources include cost, reliability of supply, related water use and air emissions, and regulatory compliance and risk. As such, an entity’s energy intensity and energy sourcing decisions may affect its operating efficiency and risk profile over time.
More",Resource Transformation,Chemicals
Water & Wastewater Management,Water Management,"Used primarily for cooling, steam generation and feedstock processing, water is a critical input in chemicals production. Long-term historical increases in water scarcity and cost, and expectations of continued increases—because of over-consumption
and reduced supplies resulting from population growth and shifts, pollution and climate change—show the importance of water management. Water scarcity may result in a higher risk of operational disruption for entities with water-intensive operations, and can increase water procurement costs and capital expenditures. Meanwhile, chemical manufacturing may generate process wastewater that must be treated before disposal. Non-compliance with water quality regulations may result in regulatory compliance and mitigation costs or legal expenses stemming from litigation. Reducing water use and consumption through increased efficiency and other water management strategies may result in lower operating costs over time and may mitigate financial effects of regulations, water supply shortages and community-related disruptions of operations.
More",Resource Transformation,Chemicals
Waste & Hazardous Materials Management,Hazardous Waste Management,"Chemical manufacturing may generate hazardous process waste which may include heavy metals, spent acids, catalysts and wastewater treatment sludge. Entities face regulatory and operational challenges in managing waste, since some wastes are subject
to regulations pertaining to their transport, treatment, storage and disposal. Waste management strategies include reduced generation, effective treatment and disposal, and recycling and recovery, if possible. Such activities, although requiring initial investment or operating costs, may reduce an entity’s long-term cost structure and mitigate the risk of remediation liabilities or regulatory penalties.
More",Resource Transformation,Chemicals
Human Rights & Community Relations,Community Relations,"Chemical entities are important economic contributors to many communities, providing employment opportunities and community development through taxes and capital generation. Meanwhile, issues including environmental policy, community health and
process safety have important regulatory, operational, financial and reputational implications for entities. Environmental externalities including air emissions and water use may affect the health of people living near chemical facilities over the long term. Meanwhile, process safety incidents may endanger community health and safety, resulting in regulatory penalties, legal action and mitigation costs. Consequently, chemicals entities may benefit from building strong relationships with communities to mitigate potential operating disruption, reduce regulatory risk, retain top employees, lower the risk of litigation expenses in the event of process safety incidents and ensure a strong social licence to operate. Entities may adopt various community engagement strategies, such as developing community engagement plans, establishing codes and guidelines to ensure alignment of the organisation’s interests with those of their surrounding communities, or conducting impact assessments to evaluate projects and mitigate potential adverse impacts.
More",Resource Transformation,Chemicals
Employee Health & Safety,Workforce Health & Safety,"Employees in chemical manufacturing facilities face health and safety risks from exposure to heavy machinery, harmful substances, electrical hazards and high pressure and temperatures, among others. Creating an effective safety culture is critical to
mitigate safety impacts proactively, which might otherwise result in financial consequences including higher healthcare costs, litigation and work disruption. By maintaining a safe work environment and promoting a culture of safety, entities can minimise safety-related expenses and potentially improve productivity.
More",Resource Transformation,Chemicals
Product Design & Lifecycle Management,Product Design for Use-phase Efficiency,"As increasing resource scarcity and regulations encourage greater materials efficiency and lower energy consumption and emissions, the Chemicals industry may benefit from developing products that enhance customer efficiency. From reducing automobile
emissions through materials optimisation to improving building insulation performance, Chemicals industry products can enhance efficiency across many applications. Entities that develop cost-effective solutions to meet customer demand for improved efficiency may benefit from increased revenue and market share, stronger competitive positioning and enhanced brand value.
More",Resource Transformation,Chemicals
Product Design & Lifecycle Management,Safety & Environmental Stewardship of Chemicals,"Product safety and stewardship is a critical issue for entities in the Chemicals industry. The potential for human health or environmental impacts of chemicals during the use-phase can influence product demand and regulatory risk, which in turn can
affect revenues and result in higher operating, regulatory compliance and mitigation expenses. The industry can mitigate regulatory risk and grow market share by developing innovative approaches to manage the potential impacts of products during the use-phase, including developing alternative products with reduced toxicity. This could contribute to shareholder value through improved competitive positioning, greater market share, reduced regulatory risks and higher brand value.
More",Resource Transformation,Chemicals
Product Design & Lifecycle Management,Genetically Modified Organisms,"Some chemical entities produce crop seeds developed using genetically modified organism (GMO) technology. GMO technology has improved some crop yields, including corn and soy, by altering the crop’s resistance to pesticides and herbicides and
improving drought tolerance, among other factors. At the same time, consumers and regulators in some areas have expressed concern over the use of GMO technology because of perceived health, environmental and social impacts of GMO cultivation and consumption. Thus, entities that employ such technology face both market opportunities and risks related to its use. The adoption of GMO crop technology is significant in some regions, although in other regions regulators have implemented bans, quotas or labelling requirements on GMO-based products. Such product bans or labelling requirements may decrease revenues or increase costs for manufacturers, and regulatory scrutiny and public perception may affect reputational risk. As such, entities that effectively respond to market drivers related to GMO products can mitigate risks and capitalise on opportunities.
More",Resource Transformation,Chemicals
Management of the Legal & Regulatory Environment,Management of the Legal & Regulatory Environment,"The Chemicals industry faces strict regulation governing air emissions, water discharge, chemical safety and process safety, among other issues. Anticipating and adapting to regulatory developments, both in the short and long term, is a critical
issue for the industry, as regulatory developments can significantly affect product demand, manufacturing costs and brand value. Therefore, entities with a clear strategy for managing the regulatory environment that aligns corporate performance with sustainable environmental outcomes and accounts for societal externalities may benefit from increased regulatory certainty, stronger brand value and improved competitive positioning.
More",Resource Transformation,Chemicals
Critical Incident Risk Management,"Operational Safety, Emergency Preparedness & Response","Health, safety and emergency management is a critical issue for entities in the Chemicals industry. Technical failure, human error or external factors such as weather may result in accidental releases of chemical substances into the environment at
processing facilities or during storage and transportation. Furthermore, the combustible nature of some chemical substances, combined with the high operating temperatures and pressures involved in manufacturing, increases the risk of explosions, hazardous spills or other emergency situations. Such events may harm workers or people in nearby communities through the release of harmful air emissions and chemical substances, and they may impact the environment adversely. Entities may face operational disruptions, damage to facilities, reputational harm, and increased regulatory compliance and remediation costs in the event of a process incident. As such, strong process safety management may reduce operational downtime, mitigate costs and regulatory risk, and ensure workforce productivity.
More",Resource Transformation,Chemicals
GHG Emissions,Greenhouse Gas Emissions,"The Containers & Packaging industry generates direct (Scope 1) greenhouse gas (GHG) emissions from fossil fuel combustion in manufacturing and cogeneration processes. GHG emissions may result in regulatory compliance costs or penalties and operating
risks for entities. However, the financial effects may vary depending on the magnitude of emissions and the prevailing emissions regulations. The industry may be subject to increasingly stringent regulations as countries try to limit or reduce emissions. Entities that cost-effectively manage GHG emissions through greater energy efficiency, the use of alternative fuels or manufacturing process advances could benefit from improved operating efficiency and reduced regulatory risk, among other financial benefits.
More",Resource Transformation,Containers & Packaging
Air Quality,Air Quality,"In addition to greenhouse gases (GHGs), containers and packaging manufacturing may produce air emissions, which may include sulphur dioxides (SOx), nitrogen oxides (NOx) and particulate matter (PM). As with GHGs, these emissions typically stem from
fuel combustion to produce energy. Relative to other industries, the Containers & Packaging industry is a significant source of some of these emissions. Although related financial effects may vary depending on the magnitude of emissions and the prevailing regulations, entities face operating costs, regulatory compliance costs, regulatory penalties in the event of non-compliance and capital expenditures related to emissions management. As such, entities may manage the issue through technological process improvements or other strategies that can mitigate such impacts, improving financial performance and enhancing brand value.
More",Resource Transformation,Containers & Packaging
Energy Management,Energy Management,"Containers and packaging manufacturing is energy-intensive, with energy used to power processing units, cogeneration plants, machinery and non-manufacturing facilities. The type of energy used, amount consumed and energy management strategies depend
on the type of products manufactured. Typically, fossil fuels such as natural gas and biomass are the predominant form of energy used, while purchased electricity also may be a significant share. Therefore, energy purchases may be a significant share of production costs. An entity’s energy mix may include energy generated on site, purchased grid electricity and fossil fuels, and renewable and alternative energy. Trade-offs in the use of such energy sources include cost, reliability of supply, related water use and air emissions, and regulatory compliance and risk. As such, an entity’s energy intensity and energy sourcing decisions may affect its operating efficiency and risk profile over time.
More",Resource Transformation,Containers & Packaging
Water & Wastewater Management,Water Management,"Containers and packaging manufacturing requires water for various stages of production including in raw materials processing, process cooling and steam generation at on site cogeneration plants. Long-term historical increases in water scarcity and
cost, and expectations of continued increases—because of over-consumption and reduced supplies resulting from population growth and shifts, pollution and climate change—show the importance of water management. Water scarcity may result in a higher risk of operational disruption for entities with water-intensive operations, and can increase water procurement costs and capital expenditures. Meanwhile, containers and packaging manufacturing may generate process wastewater that must be treated before disposal. Non-compliance with water quality regulations may result in regulatory compliance and mitigation costs or legal expenses stemming from litigation. Reducing water use and consumption through increased efficiency and other water management strategies may result in lower operating costs over time and may mitigate financial effects of regulations, water supply shortages and community-related disruptions of operations.
More",Resource Transformation,Containers & Packaging
Waste & Hazardous Materials Management,Waste Management,"Containers and packaging manufacturing may generate hazardous process waste which may include heavy metals, spent acids, catalysts and wastewater treatment sludge. Entities face regulatory and operational challenges in managing waste because some
wastes are subject to regulations pertaining to its transport, treatment, storage and disposal. Waste management strategies include reduced generation, effective treatment and disposal, and recycling and recovery, if possible. Such activities, while requiring initial investment or operating costs, may reduce an entity’s long-term cost structure and mitigate the risk of remediation liabilities or regulatory penalties.
More",Resource Transformation,Containers & Packaging
Product Quality & Safety,Product Safety,"Container and packaging product safety is a critical factor for the industry since many products are used in consumer-facing applications including in the food and healthcare industries. Aspects of packaging safety include physical hazards and the
presence of potentially hazardous chemical substances. In the event of a product safety incident, products may be recalled or require redesign, possibly increasing costs to the manufacturer and resulting in reduced revenue and adverse impacts to brand value. As such, entities that proactively manage product safety risks may enhance their brand reputation and reduce adverse financial impacts.
More",Resource Transformation,Containers & Packaging
Product Design & Lifecycle Management,Product Lifecycle Management,"Containers and packaging entities face opportunities and challenges associated with the potential environmental impacts of their products throughout their lifecycle. Designing products with reduced use-phase and end-of-life environmental impacts is
an important opportunity for manufacturers. Demand for packaging produced with safer chemicals and using recycled and renewable materials continues to grow, along with demand for recyclable, reusable and compostable products. Although the lifecycle impact of products depends largely on their use and disposal, entities that effectively optimise such attributes during the design phase may gain a competitive advantage.
More",Resource Transformation,Containers & Packaging
Supply Chain Management,Supply Chain Management,"Containers and packaging manufacturing uses large quantities of raw materials including wood fibre and aluminium. Sustainable production of these materials is an important supply chain consideration for entities in the industry because adverse
environmental impacts could increase materials costs and affect the brand value of entities. To mitigate such risks, entities may implement supply chain vetting practices and implement third-party standards within internal operations and suppliers that certify that the materials were produced in a sustainable manner. Additionally, such actions may raise brand value and meet customer demand for sustainably produced packaging products, providing access to new markets and growth opportunities.
More",Resource Transformation,Containers & Packaging
Energy Management,Energy Management,"Electrical and electronic equipment entities may use significant amounts of energy. Purchased electricity is the largest share of energy expenditure in the industry, followed by purchased fuels. The type of energy used, amount consumed and energy
management strategies depend on the type of products manufactured. Including the use of electricity generated on site, grid-sourced electricity and alternative energy, an entity’s energy mix may be important in reducing the cost and increasing the reliability of energy supply and, ultimately, affecting the entity’s cost structure and exposure to regulatory shifts.
More",Resource Transformation,Electrical & Electronic Equipment
Waste & Hazardous Materials Management,Hazardous Waste Management,"Electrical and electronic equipment manufacturing may generate hazardous waste which includes heavy metals and wastewater treatment sludge. Entities face regulatory and operational challenges in managing waste, since some wastes are subject to
regulations governing their transport, treatment, storage and disposal. Waste management strategies include reduced generation, effective treatment and disposal, and recycling and recovery, if possible. Such activities, although requiring initial investment or operating costs, may reduce an entity’s long-term cost structure and mitigate the risk of remediation liabilities or regulatory penalties.
More",Resource Transformation,Electrical & Electronic Equipment
Product Quality & Safety,Product Safety,"The proper and safe functioning of electrical and electronic equipment is important because of the potential risks to customers, including electrical fires. In the event of a product safety incident, entities could be exposed to product liability
claims, revenue loss because of damaged reputation, redesign costs, recalls, litigation or fines. Proper safety procedures, tests and protocols for products may reduce the risk of such adverse impacts and strengthen an entity’s brand.
More",Resource Transformation,Electrical & Electronic Equipment
Product Design & Lifecycle Management,Product Lifecycle Management,"Electrical and electronic equipment entities face increasing challenges and opportunities associated with environmental and social externalities that may stem from the use of their products. Regulations are incentivising entities to reduce or
eliminate the use of harmful chemicals in their products. To a lesser extent, regulations and customers are encouraging entities to reduce the environmental footprint of their products in the use-phase, primarily in terms of energy intensity. Electrical and electronic equipment entities that develop cost-effective products and energy efficiency solutions may benefit from increased revenue and market share, stronger competitive positioning and enhanced brand value. Similarly, products with reduced chemical safety concerns may provide opportunities for increased market share.
More",Resource Transformation,Electrical & Electronic Equipment
Materials Sourcing & Efficiency,Materials Sourcing,"Electrical and electronic equipment entities are exposed to supply chain risks when critical materials are used in products. Entities in the industry manufacture products using critical materials with few or no available substitutes, many of which
are sourced in only a few countries that may be subject to geopolitical uncertainty. Entities in this industry also face competition because of increasing global demand for these materials from other sectors, which may result in price increases and supply risks. Entities that limit the use of critical materials by using alternatives, as well as secure their supply, may mitigate the potential for financial effects stemming from supply disruptions and volatile input prices.
More",Resource Transformation,Electrical & Electronic Equipment
Business Ethics,Business Ethics,"Electrical and electronic equipment manufacturers based in jurisdictions with stronger business ethics laws may be vulnerable to regulatory scrutiny of their business ethics because of operations in regions with weaker government enforcement of
business ethics laws. Some entities in this industry have been found in violation of corruption laws as well as anti-competitive behaviour. Unethical practices may jeopardise future revenue growth and may result in significant legal costs and a higher reputational risk. As such, strong governance practices can mitigate the risk of violations of business ethics laws and resulting regulatory penalties or brand-value impacts.
More",Resource Transformation,Electrical & Electronic Equipment
Energy Management,Energy Management,"Energy is a critical input in industrial machinery manufacturing. Purchased electricity is the largest share of energy expenditure in the industry, followed by purchased fuels. The type of energy used, amount consumed and energy management strategies
depend on the type of products manufactured. Including the use of electricity generated on site, grid-sourced electricity and alternative energy, an entity’s energy mix can influence the cost and reliability of energy supply and, ultimately, affect the entity’s cost structure and regulatory risk.
More",Resource Transformation,Industrial Machinery & Goods
Employee Health & Safety,Workforce Health & Safety,"Employees in industrial machinery manufacturing facilities face health and safety risks from exposure to heavy machinery, moving equipment and electrical hazards, among others. Creating an effective safety culture is critical to mitigate safety
incidents proactively, which may result in reduced healthcare costs, litigation and work disruption. By implementing strong safety protocols, including incident reporting and investigation, and promoting a culture of safety, entities can minimise safety-related expenses and potentially improve productivity in the long term.
More",Resource Transformation,Industrial Machinery & Goods
Product Design & Lifecycle Management,Fuel Economy & Emissions in Use-phase,"Many of the Industrial Machinery & Goods industry’s products are powered by fossil fuels and release greenhouse gases (GHGs) and other air emissions during use. Customer preferences for improved fuel economy combined with regulations restricting
emissions are increasing the demand for energy-efficient and lower-emission products in the industry. As such, entities that develop products with these characteristics may capture expanding market share, reduce regulatory risk and improve brand value.
More",Resource Transformation,Industrial Machinery & Goods
Materials Sourcing & Efficiency,Materials Sourcing,"Industrial machinery entities are exposed to supply chain risks when critical materials are used in products. Entities in the industry manufacture products using critical materials with few or no available substitutes, many of which are sourced in
only a few countries, which may be subject to geopolitical uncertainty. Entities in this industry also face competition because of increasing global demand for these materials from other sectors, which may result in price increases and supply risks. Entities that limit the use of critical materials by using alternatives, as well as securing supply, may mitigate financial effects stemming from supply disruptions and volatile input prices.
More",Resource Transformation,Industrial Machinery & Goods
Materials Sourcing & Efficiency,Remanufacturing Design & Services,"Industrial machinery and goods manufacturing uses large quantities of steel, iron, aluminium, glass, plastics and other materials. Remanufacturing industrial machinery systems (called ‘cores’) presents an opportunity for industrial machinery entities
to limit the quantity of raw materials needed to produce new machinery, as well as reduce the time and other resources required to produce finished goods. Remanufactured products also may create value from products otherwise destined for disposal or recycling. Industrial machinery entities may achieve cost savings by reusing end-of-life parts to build remanufactured machines, which may be resold to customers. Thus, remanufacturing in process and design may reduce demand for raw materials, decrease manufacturing costs and create new sales channels.
More",Resource Transformation,Industrial Machinery & Goods
Customer Privacy,Data Privacy,"Because of the prevalence of social media, location-based mobile applications and e-commerce, customers’ digital footprints offer a more complete picture of their habits than might otherwise be available to advertisers. Advertisers can collect or
purchase highly detailed information about buyers, and advertising strategies can be precisely targeted to potential buyers. As part of an industry that uses large quantities of data about private citizens, advertising and marketing entities must balance the potential benefits of targeted advertising with protecting customer data and privacy.
More",Services,Advertising & Marketing
Selling Practices & Product Labeling,Advertising Integrity,"Entities have a legal responsibility to ensure their products and services advertising is truthful and not deceptive. Although much of the regulatory compliance burden regarding advertising content and placement lies with the client, advertising
agencies play a vital role in the creation of advertising content and are responsible for advising clients regarding applicable regulations. Consumer protection laws provide guidance and restrictions on advertising to children and on advertising regulated products, such as alcohol and tobacco. Regulators may investigate advertising agency involvement in deceptive advertising and penalise the agency. Advertising and marketing entities exposed to these regulations and concerns have responded by participating in self-regulatory programmes that manage these areas.
More",Services,Advertising & Marketing
"Employee Engagement, Diversity & Inclusion",Workforce Diversity & Inclusion,"In the Advertising & Marketing industry, an entity gains competitive advantages from producing creative, innovative ideas. Entities in this industry compete for talented workers to create successful advertising campaigns. Larger entities have clients
around the world and must employ a diverse workforce to reach diverse audiences effectively. Connecting with a target market relies, to a significant extent, on employing a workforce that reflects the communities in that market. A diverse workforce is a critical factor in improving service outcomes and enhancing an advertising entity’s financial performance.
More",Services,Advertising & Marketing
Energy Management,Energy Management,"With many facilities open 24 hours a day, the Casinos & Gaming industry requires a large amount of energy to operate. Casino facilities often have few windows and therefore rely on their buildings’ mechanical systems for heating, ventilation, air-con
ditioning (HVAC) and lighting. Fossil fuel-based energy production and consumption contribute to significant environmental impacts, including climate change and pollution, and have the potential to impact casino entities’ results of operations. Entities that rely on electricity consumption for their operations increasingly must manage energy efficiency as well as energy availability, including the risks and opportunities associated with energy sourcing from fossil fuels or from renewable and alternative energy sources.
More",Services,Casinos & Gaming
Customer Welfare,Responsible Gaming,"Although the main purpose of gambling is entertainment, the industry faces a negative perception often related to pathological gambling. In addition to pathological gambling, which is a progressive addiction characterised by increasing preoccupation
with gambling, customers also may experience problem gambling, a less severe form of pathological gambling. Although casinos do not cause problem gambling, they provide opportunities to gamble and may earn disproportionately greater revenue from pathological and problem gamblers. Responsible gambling entities adopt industry best practices to mitigate negative effects of problem gambling that may result from violations of self-exclusion lists, irresponsible advertising, gambling by minors, or instances in which the entity has otherwise enabled gambling problems. Highly-publicised incidents related to pathological and problem gambling may damage entities’ reputations and result in regulatory curtailment of their licences to operate.
More",Services,Casinos & Gaming
Employee Health & Safety,Smoke-free Casinos,"Casino facilities are usually climate-controlled environments with internal air circulation, and they have a relatively high concentration of employees and customers. Although anti-smoking campaigns have helped some regions enact smoking bans for
public places, many casinos remain exempt from such bans. Smoke exposes employees and customers to increased risks of heart attacks, cancers, and other illnesses. Studies have shown that casino dealers exposed to second-hand smoke have higher-than-average rates of respiratory illness. Entities that derive a significant portion of their revenue from smoking customers may be negatively affected by smoking bans. Alternatively, by creating smoke-free facilities, casino operators may attract more non-smoking patrons.
More",Services,Casinos & Gaming
Business Ethics,Internal Controls on Money Laundering,"By the nature of its business, the Casinos & Gaming industry may be attractive to criminals seeking to launder money or disguise the origin of funds. Risk factors include customer anonymity, accessibility to multiple facilities and the large amount
of cash transactions in each facility. Therefore, strict and robust internal controls are necessary for entities to prevent violations of reporting and money laundering regulations. Casino operators that fail to detect and prevent money laundering activities may be subjected to criminal investigations. Violations of anti-money laundering laws and regulations could result in criminal prosecution or substantial regulatory penalties.
More",Services,Casinos & Gaming
Data Security,Data Security,"Colleges and universities are frequent and compelling targets for cyber criminals. The industry may face data security risks because of the large number of personal records processed and stored, the mix of intellectual property and personally
identifiable information held (for example, national identification numbers, vaccination records or other information required for admission), and the open, collabourative environment of many campuses. The exposure of sensitive information through cybersecurity breaches, other malicious activities or student negligence may result in significant social externalities such as identity fraud and theft. Data breaches may compromise public perception of the effectiveness of a school’s security measures, which may result in reputational damage and difficulty in attracting and retaining students, as well as significant costs to fix the consequences of a breach and prevent future breaches. Enhanced disclosure regarding the number and nature of security breaches, management strategies to address these risks, and policies and procedures to protect student information may allow investors to understand the effectiveness of management strategies that schools employ regarding this issue.
More",Services,Education
Customer Welfare,Quality of Education & Gainful Employment,"Increasing tuition payments require more students to finance their education with government and private loans. Rapid growth in student debt creates significant economic and social negative externalities if student loans go into default. Many
programmes at for-profit colleges prepare students for gainful employment in recognised occupations. Entities that provide high-quality education and facilitate completion of programmes increase the chances of graduates obtaining employment and paying their loans. In the absence of sufficient educational and career management support, students may graduate with high debt and few skills valued by employers. Entities that perform poorly on accountability metrics such as graduation rates, default rates and job placement rates may jeopardise important governmental funding sources. At the same time, transparent disclosure of these metrics to prospective students is related directly to institutions’ ability to attract and retain students.
More",Services,Education
Selling Practices & Product Labeling,Marketing & Recruiting Practices,"For-profit education entities that grow the number of students that they admit and enrol will increase revenue. Therefore, entities may adopt aggressive recruitment strategies, such as spending significant amounts of money on marketing rather than on
instruction and student services. Such aggressive recruiting practices have resulted in additional public and regulatory scrutiny of for-profit education entities. Using false or misleading advertisements to recruit prospective students may result in significant fines for entities and loss of eligibility for government-funded student loans. Limited funding sources may create incentives for entities to mislead students into taking private loans they are unable to repay, presenting a significant reputational risk to entities in the industry. Enhanced disclosure may allow investors to understand entity policies and practices for marketing and recruiting to attract students.
More",Services,Education
Energy Management,Energy Management,"Hotel buildings require a significant amount of energy to operate, which is a substantial portion of hotel operating expenses. The industry purchases the majority of its electricity commercially. This purchased electricity indirectly results in
greenhouse gas (GHG) emissions, which is a significant contributor to climate change. Entities in the industry are implementing energy management best practices to reduce operating expenses and environmental impacts and to improve their brand value with guests, who increasingly are concerned about environmental sustainability.
More",Services,Hotels & Lodging
Water & Wastewater Management,Water Management,"Hotel buildings require a relatively large amount of water resources to operate. Although water is not the industry’s greatest operating cost, reduced water availability or significant price increases could affect financial results. This effect may
be particularly acute in water-stressed regions because of supply constraints. Entities in the industry are implementing water management best practices to reduce operating expenses and environmental impacts and to improve their brand value with guests, who increasingly are concerned about environmental sustainability.
More",Services,Hotels & Lodging
Ecological Impacts,Ecological Impacts,"Healthy ecosystems are linked with the economic and financial performance of local communities and businesses. The influx of tourists and the resulting waste generated by hotels may present risks to sensitive ecosystems such as coral reefs and nature
preserves. Poor environmental protection practices may preclude hotels from obtaining new construction licences in these sensitive areas and could, in the long term, diminish natural attractions for tourists that generate revenue for communities and hotels. In contrast, environmental protection may make travel destinations more attractive and increase demand.
More",Services,Hotels & Lodging
Labour Practices,Labour Practices,"The Hotels & Lodging industry is reliant upon labour to operate large facilities. A service-oriented workforce that provides guests with a pleasant stay is an important value driver for hotel entities. This, combined with labour force dynamics, may
create low job satisfaction that can result in high turnover and potential lawsuits and contribute to increased expenses for hotel operators. Hotels that foster anti-discriminatory practices and ensure fair wages may improve worker satisfaction and reduce turnover.
More",Services,Hotels & Lodging
Physical Impacts of Climate Change,Climate Change Adaptation,"Hotels operating in climate change-exposed areas may be impacted by physical climate risks including inclement weather and flooding. Inclement weather may damage property and disrupt operations, thereby reducing asset values and revenues. In
addition, hotels may face higher insurance premiums for buildings located in coastal regions or may be unable to insure their properties. Hotel operators will likely need to adapt to shifting climate trends such as rising sea levels, hurricanes, and flooding in order to maintain their climate-exposed revenue-generating properties.
More",Services,Hotels & Lodging
Energy Management,Energy Management,"Leisure facilities entities operate large outdoor and indoor facilities that may consume a significant amount of energy. Most of the industry’s electricity is purchased commercially, which indirectly results in greenhouse gas (GHG) emissions, a
significant contributor to climate change. Entities in the industry are implementing energy management best practices to reduce operating expenses and environmental impacts and to improve their brand value with guests, who increasingly are concerned about environmental sustainability.
More",Services,Leisure Facilities
Product Quality & Safety,Customer Safety,"Leisure facility entities operate parks and facilities that expose guests to potentially unsafe conditions that may result in injury and even death. Safety management therefore includes managing amusement park ride and ski slope safety as well as
operating buildings where large crowds of people may be present, such as sporting and concert venues. The industry is subject to mainly low-probability but high-magnitude safety concerns. Ensuring the highest safety standards may minimise reputational damage to brand value and liabilities from costly lawsuits.
More",Services,Leisure Facilities
Employee Health & Safety,Workforce Health & Safety,"Safety concerns in the Leisure Facilities industry may expose employees to injuries if facilities and equipment are not maintained, or if precautions and training procedures are ineffective. Amusement park rides, ski slopes and other facilities may
expose employees to potentially unsafe conditions that result in injury or even death. Potential financial consequences associated with employee safety violations include regulatory fines, abatement costs and negative effects on brand reputation. These effects may stem from accidents as well as from chronic safety issues.
More",Services,Leisure Facilities
Customer Welfare,Media Pluralism,"Media pluralism, which is diversity in the broadest sense, includes both external and internal pluralism. External pluralism refers to media ownership, independent editorial boards, channels, titles or programmes. Internal pluralism refers to the
social, racial/ethnic and political diversity represented in media content. Media and entertainment entities may ensure pluralism by maintaining on- and off-screen diversity and by safeguarding the independence of editorial boards and programming.
More",Services,Media & Entertainment
Selling Practices & Product Labeling,Journalistic Integrity & Sponsorship Identification,"Audiences rely on journalists for accurate and timely information on current events. Principles of journalism include accuracy, fairness, minimisation of harm, independence, accountability and transparency. Failure to adhere to these principles may
affect not only the credibility of the journalist, but also the entity responsible for publishing or broadcasting these materials. As regulations around the disclosure of sponsorship and endorsement evolve, transparency is important for both journalism and entertainment content.
More",Services,Media & Entertainment
Competitive Behaviour,Intellectual Property Protection & Media Piracy,"Entities in this industry rely on intellectual property (IP) to generate revenue. However, although IP protection is inherent to their business model, strong IP protections may sometimes conflict with the interests of society. Proponents of IP
protection assert its importance as a driver of innovation. Opponents argue that assigning ownership may stifle innovation and competition by enabling the creation of monopolies. Despite the industry’s best efforts, media piracy is rampant, and entities devote significant resources to protecting and enforcing IP rights. Media and entertainment entities therefore must balance protecting their IP with ensuring access to media and allowing fair use.
More",Services,Media & Entertainment
Data Security,Data Security,"Entities in every segment of the industry are entrusted with customer data. Employment and temporary staffing agencies as well as data providers and consulting entities store, process and transmit increasing amounts of sensitive personal data about
employees, clients and candidates. In addition, the clients of financial and non-financial services providers may handle sensitive information and share this information with professional and commercial services entities. The exposure of sensitive customer information through cybersecurity breaches, other malicious activities or employee negligence may result in significant risks such as identity fraud and theft. Data breaches may compromise client perception of the effectiveness of a service provider’s security measures, which may result in reputational damage and affect an entity’s ability to attract and retain clients adversely.
More",Services,Professional & Commercial Services
"Employee Engagement, Diversity & Inclusion",Workforce Diversity & Engagement,"Developing a broad base of valued, respected and supported employees throughout an organisation is essential for the long-term growth prospects of professional and commercial services entities. Human capital is the primary source of revenue
generation, contributing knowledge, talent, advice and various technical skills. Although financial and non-financial service providers may hire a diverse workforce among lower-level employees, they may lack diversity among senior management. Enhancing workforce diversity, particularly among management positions, may help entities attract and develop the best talent. Significant employee engagement, fair treatment and equitable levels of pay and advancement opportunities for all workers are all likely to contribute to increased productivity and performance through all levels of the entity.
More",Services,Professional & Commercial Services
Business Ethics,Professional Integrity,"The business model of professional and commercial services entities is dependent on client trust and loyalty. To ensure long-term and mutually beneficial relationships, entities must provide services that meet the highest professional standards of
the industry. Professional integrity is an important industry governance issue because the collective actions of professionals inside a single organisation may make the detection and prevention of conflicts of interest, bias or negligence more challenging. Training employees adequately, providing advice and distributing data free from bias and error, and taking other measures to ensure professional integrity, are important both for strengthening an entity’s licence to operate as well as for attracting and retaining clients.
More",Services,Professional & Commercial Services
Water & Wastewater Management,Water Management,"The manufacturing of computers, computer components and other electronics requires significant volumes of water. Water is becoming a globally scarce resource because of increasing consumption from population growth, rapid urbanisation and climate
change. Without careful planning, water scarcity may result in higher supply costs, social tensions with local communities and governments, or loss of access to water in water-scarce regions thereby presenting a critical risk to production and revenue. Electronic Manufacturing Services (EMS) & Original Design Manufacturing (ODM) entities that improve water use efficiency may reduce operating costs and maintain a lower risk profile, ultimately affecting cost of capital and market valuation. Furthermore, entities that prioritise water use efficiency may reduce regulatory risks as applicable jurisdictional environmental laws or regulations place more emphasis on resource conservation.
More",Technology & Communications,Electronic Manufacturing Services & Original Design Manufacturing
Waste & Hazardous Materials Management,Waste Management,"The manufacturing of computers, computer components and other electronics requires significant volumes of chemicals and generates air and water emissions and solid waste, including hazardous substances. The handling and disposal of hazardous wastes
produced during manufacturing may result in increased operating costs, capital expenditures, and in some instances, increased compliance costs or regulatory fines and penalties. Entities in the Electronic Manufacturing Services (EMS) & Original Design Manufacturing (ODM) industry that reduce waste produced during manufacturing and ensure it is appropriately reused, recycled or disposed may have a lower risk profile and face lower regulatory risks as applicable jurisdictional environmental laws or regulations place increasing emphasis on resource conservation and waste management.
More",Technology & Communications,Electronic Manufacturing Services & Original Design Manufacturing
Labour Practices,Labour Practices,"Electronic Manufacturing Services (EMS) & Original Design Manufacturing (ODM) entities operate in a highly cost competitive environment and are therefore sensitive to labour costs and risks. Additionally, customers commonly require entities to meet
tight production deadlines for important product launches, such as releases of new technology by hardware entities. Combined, these factors increase the importance of entities maintaining good relations with labour. Poor labour relations may expose entities to work stoppages and production disruptions. Such disruptions may result in reduced near-term revenue, as well as possible adverse effects on long-term productivity because of lower employee morale. In addition to maintaining an entity’s brand value and social licence to operate, improvements in labour practices may mitigate production disruptions.
More",Technology & Communications,Electronic Manufacturing Services & Original Design Manufacturing
Employee Health & Safety,"Workforce Conditions, Health & Safety","The treatment of workers and the protection of workers’ rights in the Electronic Manufacturing Services (EMS) & Original Design Manufacturing (ODM) industry is of growing concern among customers, regulators and leading entities. Critical aspects of
this issue may include working conditions, environmental responsibility and workforce health and safety—particularly relating to hazardous materials and potentially dangerous manufacturing equipment. Entities in this industry operate in a cost competitive environment and therefore rely upon low-cost and contract labour. The industry’s reliance on subcontractors, labour recruitment entities and a multi-tiered system of suppliers may make safety performance improvement difficult. Further, entities often are located in countries with relatively low direct costs and varying degrees of regulation and enforcement for protecting workers. This dynamic may increase an entity’s exposure to reputational risks and impacts on short- and long-term costs and sales. Such effects may result from increasing regulation and enforcement in response to high-profile safety or labour incidents, or through a shift in demand away from entities associated with such incidents. Entities with strong supply-chain standards, monitoring and engagement with suppliers to manage labour concerns may better protect shareholder value over the long term.
More",Technology & Communications,Electronic Manufacturing Services & Original Design Manufacturing
Product Design & Lifecycle Management,Product Lifecycle Management,"Entities in the Electronic Manufacturing Services (EMS) & Original Design Manufacturing (ODM) industry, along with the industry’s customers such as hardware entities, face increasing challenges associated with environmental externalities attributed
to product manufacturing, transport, use and disposal. Rapid obsolescence of hardware products may worsen such externalities. The industry’s products commonly contain hazardous materials, making safe end-of-life disposal a critical aspect to manage. Entities unable to minimise the environmental externalities of their products may face increased regulatory costs as jurisdictional environmental laws or regulations place more emphasis on resource conservation and waste management. Through product innovation that facilitates end-of-life product recovery and the use of less impactful materials, EMS & ODM manufacturers can achieve improvements in lifecycle impacts, reduce regulatory risks and realise cost savings.
More",Technology & Communications,Electronic Manufacturing Services & Original Design Manufacturing
Materials Sourcing & Efficiency,Materials Sourcing,"Entities in the Electronic Manufacturing Services (EMS) & Original Design Manufacturing (ODM) industry rely on numerous critical materials as important inputs for finished products. Many of these inputs have few or no available substitutes and often
are sourced in a few countries, many of which may be subject to geopolitical uncertainty. Other sustainability impacts related to climate change, land use, resource scarcity and conflict in regions where the industry’s supply chain operates are also increasingly shaping the industry’s ability to source materials. Additionally, increased competition for these materials because of growing global demand from other sectors may result in price increases and supply risks. Since entities commonly source materials from supply chains that often lack transparency, they may face increasing difficulty managing potential materials shortages, supply disruptions, price volatility and reputational risks. Failure to effectively manage sourcing may constrain access to necessary materials, reduce margins, impair revenue growth or increase costs of capital.
More",Technology & Communications,Electronic Manufacturing Services & Original Design Manufacturing
Data Security,Product Security,"The hardware products and related software offered by entities in the Hardware industry may have vulnerabilities that expose consumers to data security threats. Therefore, hardware manufacturers must help ensure user data security. Such
vulnerabilities may occur at any stage of a product lifecycle, including product design, the manufacturing supply chain, product distribution and the product’s use-phase. Entities in the industry unable to identify vulnerabilities may risk exposing consumer data to security threats and potentially eroding the trust of their customer base. Cybersecurity threats create both risks and opportunities for the Hardware industry, as effective product security may be a source of competitive advantage for entities, potentially increasing their sales and market share. Additionally, user concerns about data security and related government actions may also serve as revenue-generating opportunities for securing government contracts and providing security products.
More",Technology & Communications,Hardware
"Employee Engagement, Diversity & Inclusion",Employee Diversity & Inclusion,"Greater workforce diversity is important for innovation since it helps entities understand the needs of a diverse and global customer base, which results in the ability to design desirable products and communicate with customers effectively. Entities
unable to attract and retain diverse talent may risk losing market share to competitors that successfully employ a staff capable of recognising the needs of diverse populations and capturing demand from segments of the population that have been traditionally overlooked. Furthermore, entities perceived as being more representative of a diverse, global customer base may increase brand loyalty which also may be a source of competitive advantage. Entities successful in recruiting and retaining a diverse and inclusive workforce also may achieve lower employee turnover rates, resulting in cost savings.
More",Technology & Communications,Hardware
Product Design & Lifecycle Management,Product Lifecycle Management,"Entities in the Hardware industry face increasing challenges associated with environmental and social externalities attributed to product manufacturing, transport, use and disposal. Rapid obsolescence of hardware products may worsen these
externalities. Entities are designing more products with the entire lifecycle in mind. Specific considerations include energy efficiency of products, hazardous material inputs, and designing for and facilitating safe end-of-life disposal and recycling. Entities that prioritise designing and manufacturing products with improved environmental and social impacts may avoid costs associated with externalities, and they may be more likely to grow consumer demand and market share, while eliminating potentially harmful materials. Furthermore, entities that minimise environmental and social externalities of products may be less exposed to increasing regulation and costs, such as those related to extended producer responsibility.
More",Technology & Communications,Hardware
Supply Chain Management,Supply Chain Management,"Entities in the Hardware industry commonly have relatively narrow profit margins and remain competitive by relying on complex, global supply chains and outsourced production to electronics manufacturing services (EMS) entities. Because entities in
the industry typically contract with suppliers in countries with lower direct costs, entities often manufacture products in countries that have limited labour regulations or enforcement protecting workers. Entities in the industry may have limited direct control over social and environmental standards in production, making management of this issue difficult. This dynamic may increase an entity’s exposure to reputational risks and impacts on short- and long-term costs and sales. Such effects may arise from increasing regulation and enforcement in response to high-profile safety or labour incidents, or through a shift in demand away from entities associated with such incidents. Entities that actively manage the impacts generated by the supply chain using supplier standards, monitoring and engagement may better protect shareholder value over the long term.
More",Technology & Communications,Hardware
Materials Sourcing & Efficiency,Materials Sourcing,"Entities in the Hardware industry rely on numerous critical materials as important inputs for finished products. Many of these inputs have few or no available substitutes and often are sourced from only a few countries, many of which may be subject
to geopolitical uncertainty. Other sustainability impacts related to climate change, land use, resource scarcity and conflict in regions where the industry’s supply chain operates are also increasingly shaping the industry’s ability to source materials. Additionally, increased competition for these materials because of growing global demand from other sectors may result in price increases and supply risks. The ability of entities to manage potential material shortages, supply disruptions, price volatility and reputational risks is made more difficult by the practice of commonly sourcing materials from supply chains that may lack transparency. Failure to effectively manage sourcing may constrain access to necessary materials, reduce margins, impair revenue growth or increase costs of capital.
More",Technology & Communications,Hardware
Energy Management,Environmental Footprint of Hardware Infrastructure,"With the Internet & Media Services industry providing a growing amount of content and service offerings, entities in this industry increasingly own, operate or rent more data centres and other hardware. Thus, managing the energy and water use
associated with IT hardware infrastructure is relevant to value creation. Data centres must be powered continuously. Energy supply disruptions may have a material impact on operations depending on the disruption magnitude and timing. Entities face a trade-off between energy and water consumption because of data centre cooling needs. Cooling data centres with water instead of chillers improves energy efficiency, but this method may create dependence on significant local water resources. Data centre specification decisions are important for managing costs, obtaining a reliable energy and water supply, and reducing reputational risks, particularly with the increasing global regulatory focus on climate change and the opportunities arising from energy efficiency and renewable energy innovations.
More",Technology & Communications,Internet Media & Services
Customer Privacy,"Data Privacy, Advertising Standards & Freedom of Expression","Entities in the Internet & Media Services industry rely on customer data to innovate new tools and services, generate revenues through advertising sales, and track and prevent criminal behaviour, such as hacking and online predators targeting
children. However, the use and storage of a wide range of customer data, such as personal, demographic, content and behavioural data, raises privacy concerns, resulting in increased regulatory scrutiny in many countries. Entities face reputational risks from providing access to user data to governments, which may raise concerns that governments may use the data to limit citizens’ freedoms. Entities may also face increased costs of compliance associated with the varying local laws or government demands related to censorship of culturally or politically sensitive material on websites. This issue may affect entity profitability through the loss of users and may influence entity decisions to enter, operate in, or exit specific markets.
More",Technology & Communications,Internet Media & Services
Data Security,Data Security,"Internet Media & Services entities are targets of growing data security threats from cyber-attacks, which may put customer information and an entity’s own data at risk. Inadequate data security threat prevention, detection and remediation may
influence customer acquisition and retention and result in decreased market share or lower demand for the entity’s products or services. By identifying and addressing data security threats in a timely manner, entities may protect brand value and improve customer acquisition and retention. Furthermore, effective management may avoid significant expenses associated with data breaches, which are most commonly directed at recapturing users following a breach.
More",Technology & Communications,Internet Media & Services
"Employee Engagement, Diversity & Inclusion","Employee Recruitment, Inclusion & Performance","Employees are important contributors to value creation in the Internet Media & Services industry. Recruiting qualified employees to fill these positions may be difficult. A shortage of technically skilled employees can create intense competition to
acquire highly skilled employees globally, contributing to high employee turnover rates. Entities offer significant monetary and non-monetary benefits to improve employee engagement, retention and productivity. Initiatives to improve employee engagement and work-life balance might influence the recruitment and retention of a diverse workforce. Efforts to recruit and develop globally diverse talent pools may mitigate the talent shortage and improve the value of entity offerings. Greater workforce diversity is important for innovation, and it helps entities understand the needs of a diverse and global customer base.
More",Technology & Communications,Internet Media & Services
Competitive Behaviour,Intellectual Property Protection & Competitive Behaviour,"Despite the openness of the Internet, entities in the Internet Media & Services industry spend a significant proportion of revenue on intellectual property (IP) protection, including acquiring patents and copyrights. Although IP protection is
inherent to some entity business models and an important driver of innovation, entity IP practices may be a contentious social issue. Entities sometimes may acquire patents and other IP protection to restrict competition and innovation, particularly if they are dominant market players. Because of software complexity, its abstract nature, and increasing IP rights protection related to software, Internet Media & Services entities must navigate overlapping patent claims. As a result, entities in the industry with alleged patent violations may be subject to frequent litigation or increased regulatory scrutiny. Adverse legal or regulatory rulings related to antitrust and IP may expose Internet Media & Services entities to costly and lengthy litigations and potential monetary losses as a result. Such rulings also may affect an entity’s market share and pricing power if its patents or dominant position in important markets are challenged legally, with significant financial consequences. Therefore, entities that balance IP protection and its use to spur innovation while ensuring their IP management and other business practices do not unfairly restrict competition may reduce regulatory scrutiny and legal actions while protecting market value.
More",Technology & Communications,Internet Media & Services
GHG Emissions,Greenhouse Gas Emissions,"Entities in the Semiconductors industry generate greenhouse gas (GHG) emissions, particularly those from perfluorinated compounds, from semiconductor manufacturing operations. GHG emissions may create regulatory compliance costs and operating risks
for semiconductors entities, although resulting financial effects may vary depending on the magnitude of emissions and the prevailing emissions regulations. Entities that cost-effectively manage GHG emissions through greater energy efficiency, the use of alternative chemicals or manufacturing process advances may benefit from improved operating efficiency and reduced regulatory risk.
More",Technology & Communications,Semiconductors
Energy Management,Energy Management in Manufacturing,"Energy is a critical input for manufacturing semiconductor devices. The price of conventional grid electricity and volatility of fossil fuel prices may increase because of evolving climate change regulations and new incentives for energy efficiency
and renewable energy, among other factors, while alternative energy sources become more cost-competitive. Decisions regarding energy sourcing and type, as well as alternative energy use, may create trade-offs related to the energy supply’s cost and reliability for operations. As industry innovation adds complexity to manufacturing processes, new technologies to manufacture semiconductors may consume more energy unless entities invest in the energy efficiency of their operations. The way an entity manages energy efficiency, reliance on different types of energy, the associated sustainability risks, and alternative energy source access may affect financial performance.
More",Technology & Communications,Semiconductors
Water & Wastewater Management,Water Management,"Water is critical to the semiconductor production process, which requires significant volumes of ‘ultra-pure’ water for cleaning purposes, to avoid trace molecules from affecting product quality. As manufacturing becomes more complex, entities in the
industry are discovering the importance of reducing ultra-pure water use. Water is becoming a scarce resource around the world, because of increasing consumption from population growth and rapid urbanisation, and reduced supplies because of climate change. Furthermore, water pollution in developing countries makes available water supplies unusable or expensive to treat. Without careful planning, water scarcity may result in higher supply costs, social tensions with local communities and governments, or loss of water access in water-scarce regions, thereby presenting a critical risk to production. Semiconductor entities that increase water use efficiency during manufacturing may maintain a lower risk profile and face reduced regulatory risks as local, regional and national environmental laws place increasing emphasis on resource conservation.
More",Technology & Communications,Semiconductors
Waste & Hazardous Materials Management,Waste Management,"Semiconductor manufacturing requires hazardous materials, many of which are subject to environmental, health and safety regulations, and generate harmful waste, which may be released into the environment in the form of water and air emissions, as
well as solid waste. The handling and disposal of hazardous wastes produced during manufacturing may result in increased operating costs, capital expenditures, and in some instances, regulatory costs. Entities that reduce waste produced during manufacturing and ensure it is reused, recycled or disposed of appropriately may achieve a lower risk profile and face reduced regulatory risks as local, regional and national environmental laws place increasing emphasis on resource conservation and waste management.
More",Technology & Communications,Semiconductors
Employee Health & Safety,Workforce Health & Safety,"The long-term effects of chemical usage in semiconductor manufacturing on worker health is a major area of concern for the industry. Workers in fabrication facilities, particularly maintenance workers, are at risk of exposure to chemicals known to be
hazardous to human health. Violations of health and safety standards may result in monetary penalties and additional costs of corrective actions, with effects on net profits and contingent liabilities. Furthermore, such violations also may result in non-monetary penalties and reputational impacts which may decrease revenues, as well as market share. Effective management of health and safety issues include implementing effective engineering controls, introducing less hazardous chemicals if possible or using smaller amounts, and seeking chemicals presenting the fewest risks to the workforce. In addition to protecting brand value, entities taking these measures may also protect themselves from adverse legal outcomes related to both regulated and unregulated hazardous substances.
More",Technology & Communications,Semiconductors
"Employee Engagement, Diversity & Inclusion",Recruiting & Managing a Global & Skilled Workforce,"Employees are important contributors to value creation in the Semiconductors industry. Entities face competition and challenges in recruiting qualified employees globally, including electrical engineers, research scientists and process
engineers. Compensation for such employees is a significant cost component for the industry. Semiconductors entities may improve their competitive positioning by establishing education, training and recruitment policies that develop and leverage the talents of skilled, global employees to meet their human capital needs. Such initiatives may help drive innovation and improve worker productivity, thereby improving access to new markets and possible new sources of revenue, while also creating a more engaged workforce and reducing employee turnover.
More",Technology & Communications,Semiconductors
Product Design & Lifecycle Management,Product Lifecycle Management,"As an increasing number of devices become connected to each other and to the internet, semiconductor entities face greater demand for products that increase computing power and decrease energy costs. Semiconductor machinery and device manufacturers
may reduce the environmental and human health impacts of their products by increasing the energy-efficiency of equipment and chips and reducing the use of harmful materials in products. As consumer demand grows for energy-efficient devices that increase battery life, reduce heat output and decrease energy consumption, semiconductor manufacturers that satisfy these may gain a competitive advantage, driving revenue and market share growth. Entities also may benefit from reducing the use of toxic materials from chips destined for consumer devices, which has implications for the end-of-life management of electronic waste, an issue of growing legislative importance in many countries.
More",Technology & Communications,Semiconductors
Materials Sourcing & Efficiency,Materials Sourcing,"Entities in the Semiconductors industry rely on numerous critical materials as important inputs for finished products. Many of these inputs have few or no available substitutes and often are sourced from only a few countries, many of which may be
subject to geopolitical uncertainty. Other sustainability impacts related to climate change, land use, resource scarcity and conflict in regions where the industry’s supply chain operates are also increasingly shaping the industry’s ability to source materials. Additionally, increased competition for these materials because of growing global demand from other sectors may result in price increases and supply risks. The management of potential materials shortages, supply disruptions, price volatility and reputational risks is made more difficult by the practice of commonly sourcing materials from supply chains that often lack transparency. Failure to effectively manage this issue may constrain access to necessary materials, reduce margins, impair revenue growth or increase costs of capital.
More",Technology & Communications,Semiconductors
Competitive Behaviour,Intellectual Property Protection & Competitive Behaviour,"Although intellectual property (IP) protection is inherent to the Semiconductors industry business model, entities’ IP practices may be a contentious social issue. IP protection can be an important driver of innovation, but some entities may also
acquire and enforce patents and other IP protection to restrict competition, particularly if they are dominant market players. Industry standard-setting can involve complex negotiations over patent rights and licensing terms, and entities use cross-licenses and patent pools to address difficulties around patent thickets. However, such industry cooperation also may raise antitrust concerns, for example, with provisions in portfolio cross-licenses that could enable price fixing. Adverse legal or regulatory rulings related to antitrust and IP may expose software and IT services entities to costly and lengthy litigations and potential monetary losses as a result. Such rulings may also affect an entity’s market share and pricing power, if its patents or dominant position in important markets are challenged legally, with significant financial consequences. Therefore, entities that balance the IP protection and its use to spur innovation and ensure their IP management and other business practices do not unfairly restrict competition may reduce regulatory scrutiny and legal actions while protecting market value.
More",Technology & Communications,Semiconductors
Energy Management,Environmental Footprint of Hardware Infrastructure,"With the growth of cloud-based service offerings, entities in this industry own, operate or rent increasingly more data centres and other hardware. Thus, managing the energy and water use associated with IT hardware infrastructure is relevant to
value creation. Data centres must be powered continuously, and disruptions to the energy supply can have a material effect on operations, depending on the magnitude and timing of the disruption. Entities face a trade-off between energy and water consumption because of data centre cooling needs. Cooling data centres with water instead of chillers improves energy efficiency, but this method may create dependence on significant local water resources. Data centre specification decisions are important for managing costs, obtaining a reliable supply of energy and water, and reducing reputational risks, particularly with the increasing global regulatory focus on climate change and the opportunities arising from energy efficiency and renewable energy innovations.
More",Technology & Communications,Software & IT Services
Customer Privacy,Data Privacy & Freedom of Expression,"As Software & IT Services entities increasingly deliver products and services over the Internet and through mobile devices, they must carefully manage two separate and often conflicting priorities. First, entities use customer data to innovate and
provide customers with new products and services to generate revenues. Second, entities have access to a wide range of customer data, such as personal, demographic, content and behavioural data creating associated privacy concerns. This dynamic may result in increased regulatory scrutiny in many countries. The delivery of cloud-based software and IT services also raises concerns about potential access to user data by governments that may use it to limit the citizens’ freedoms. Effective management in this area may reduce regulatory and reputational risks that may result in decreased revenues, reduced market share and increased regulatory actions involving potential fines and other legal costs.
More",Technology & Communications,Software & IT Services
Data Security,Data Security,"Software & IT Services entities are targets of growing data security threats from cyberattacks, which puts their own data and their customers’ data at risk. Inadequate prevention, detection and remediation of data security threats may influence
customer acquisition and retention and result in decreased market share and reduced demand for the entity’s products. In addition to reputational damage and increased customer turnover, data breaches also may result in increased expenses, commonly associated with remediation efforts such as identity protection offerings and employee training on data protection. Meanwhile, new and emerging data security standards and regulations may affect operating expenses through increased compliance costs. Additionally, entities in this industry may be well-positioned to capture revenue opportunities by providing secure software and services to meet the demand for ensuring data is kept secure.
More",Technology & Communications,Software & IT Services
"Employee Engagement, Diversity & Inclusion","Recruiting & Managing a Global, Diverse & Skilled Workforce","Employees are important contributors to value creation in the Software & IT Services industry. Entities commonly find recruiting qualified employees to fill these positions difficult. A shortage in technically skilled employees can create intense
competition to acquire highly skilled employees globally, contributing to high employee turnover rates. Some entities contribute to relevant education and training programmes to expand the availability of domestic, skilled employees. Entities offer significant monetary and non-monetary benefits to improve employee engagement and therefore retention and productivity. Initiatives to improve employee engagement and work-life balance may influence the recruitment and retention of a diverse workforce. Since the industry is characterised by relatively low representation from women and minority groups, efforts to recruit and develop globally diverse talent pools may address the talent shortage and improve the value of entity offerings. Greater workforce diversity is important for innovation and helps entities understand the needs of a diverse and global customer base.
More",Technology & Communications,Software & IT Services
Competitive Behaviour,Intellectual Property Protection & Competitive Behaviour,"Entities in the Software & IT Services industry spend a significant proportion of their revenues on IP protection, including acquiring patents and copyrights. Although IP protection is inherent to some entity business models and is an important
driver of innovation, entities’ IP practices sometimes may be a contentious societal issue. Entities sometimes acquire patents and other IP protection to restrict competition and innovation, particularly if they are dominant market players. Because of software complexity, its abstract nature and increasing IP rights protection related to software, entities in the industry must navigate overlapping patent claims to operate. As a result, entities in the industry may find themselves constantly in litigation or subject to regulatory scrutiny either because of allegations of patent violations if they engage in unethical business practices, or are perceived as doing so, or because they engage in IP infringement litigation. Adverse legal or regulatory rulings related to antitrust and IP may expose entities in the industry to costly and lengthy litigations and potential monetary losses as a result. Such rulings also may affect an entity’s market share and pricing power if its patents or dominant position in important markets are challenged legally, with potentially significant effects on revenue. Therefore, entities that balance the protection of their IP and its use to spur innovation while ensuring their IP management and other business practices do not unfairly restrict competition, may reduce regulatory scrutiny and legal actions while protecting their market value.
More",Technology & Communications,Software & IT Services
Systemic Risk Management,Managing Systemic Risks from Technology Disruptions,"With trends towards increased cloud computing and Software as a Service (SaaS), software and IT service providers must ensure they have robust infrastructure and policies in place to minimise disruptions to their services. Disruptions such as
programming errors or server downtime may generate systemic risks, because computing and data storage functions move from individual entity servers in various industries to data centres of cloud-computing service providers. The risks are increased particularly if the affected customers are in sensitive sectors, such as financial institutions or utilities, which are considered critical national infrastructure. Entities’ investments in improving the reliability and quality of their IT infrastructure and services may attract and retain customers, thereby creating revenue and opportunities in new markets.
More",Technology & Communications,Software & IT Services
Energy Management,Environmental Footprint of Operations,"Individual Telecommunication Services entities consume substantial amounts of energy. Depending on the source of energy and generation efficiency, electricity consumption by telecom network infrastructure can contribute significantly to environmental
externalities, such as climate change, creating sustainability risks for the industry. Although network equipment and data centres are becoming more energy efficient, their overall energy consumption is increasing with the expansion in telecommunications infrastructure and data traffic. How Telecommunication Services entities manage their overall energy efficiency or intensity, reliance on different types of energy, and how they access alternative sources of energy may become increasingly material as the global regulatory focus on climate change increases, creating incentives for energy efficiency and renewable energy as well as pricing of greenhouse gas (GHG) emissions. Because energy expenditures may be significant in the industry, entities that improve operational energy efficiency may increase cost savings and profit margins.
More",Technology & Communications,Telecommunication Services
Customer Privacy,Data Privacy,"As customers increasingly pay attention to privacy issues associated with cell phone, internet and email services, Telecommunication Services entities must implement strong management practices and guidelines related to their use of customer
data. Telecommunication Services entities use growing volumes of customer location, web browsing and demographic data to improve their services as well as generate revenue by selling such data to third parties. Growing public concern about privacy may result in increased regulatory scrutiny over the use, collection and sale of consumer data. These trends increase the importance of Telecommunication Services entities adopting and communicating policies about providing customer data to third parties transparently, including the amount and type of data provided and the nature of its use (for example, use for commercial purposes). Additionally, Telecommunication Services entities receive, and must determine whether to comply with, government requests for customer information. Entities in the industry that fail to manage data privacy may be susceptible to decreased revenues because of lost consumer confidence and churn, as well as to financial effects stemming from legal exposures.
More",Technology & Communications,Telecommunication Services
Data Security,Data Security,"The Telecommunication Services industry is particularly vulnerable to data security threats because entities manage an increasing volume of customer data, including personally identifiable information, as well as demographic, behavioural and location
data. Inadequate prevention, detection and remediation of data security threats may influence customer acquisition and retention and result in decreased market share and lower demand for the entity’s products. In addition to reputational damage and increased customer turnover, data breaches also may result in increased expenses, commonly associated with remediation efforts such as identity protection offerings and employee training on data protection. As the providers of critical infrastructure, the ability of entities to combat cyber-attacks may affect reputation and brand value, with a long-term effect on market share and revenue growth potential. Therefore, entities that identify and manage data security risks in a timely manner may be in a better position to protect market share and brand value while also reducing risk exposure to cyber-attacks. Additionally, new and emerging data security standards and regulations may affect the operating expenses of entities through increased costs of compliance.
More",Technology & Communications,Telecommunication Services
Materials Sourcing & Efficiency,Product End-of-life Management,"Because of the rapid obsolescence of communications devices, particularly mobile phones, they represent an increasing proportion of electronic waste (e-waste) going to landfills, driven in part by a low recycling rate. Telecommunication Services
entities face growing regulatory risks related to this issue. Numerous jurisdictions have implemented e-waste recycling laws mandating that electronics retailers and manufacturers create a system for recycling, reuse or proper disposal of electronic devices. Although in their early days many of these laws covered a limited scope of products, recent laws extend to mobile devices, requiring entities to finance the collection, treatment, recycling or proper disposal of e-waste, as concerns around e-waste from communications devices increase. E-waste laws often require vendors or manufacturers to pay for waste recycling or product take-back and recycling programmes. Penalties or costs, because of such laws, together with potential revenues generated from refurbishing and re-selling products, increasingly are providing incentives for entities in the industry to manage end-of-life impacts. Many Telecommunication Services entities work in partnership with phone manufacturers to bundle telecom services and mobile devices, and therefore have a shared responsibility for end-of-life management of such devices. Their relationship with customers provides an opportunity for effective management of product recycling, reuse and disposal. Establishing take-back programmes to recover end-of-life materials for further reuse, recycling or remanufacturing may increase cost savings and develop a more resilient supply of manufacturing materials.
More",Technology & Communications,Telecommunication Services
Competitive Behaviour,Competitive Behaviour & Open Internet,"The Telecommunication Services industry contains classic examples of natural monopolies, where high capital costs allow them to offer the most efficient production. Given the concentrated nature of telecommunications, cable and satellite
entities, they must manage their growth strategies within the parameters of a regulatory landscape designed to ensure competition. In addition to natural monopoly, many entities in this industry benefit from terminal access monopolies over the so-called ‘last-mile’ of their networks, given their contractual relationship with each subscriber and the barriers for subscribers to change service providers. The nature of this relationship is the basis of much of the discussion regarding an open internet, where all data on the internet is treated equally in terms of performance and access. The industry faces legislative and regulatory actions to ensure competition, which may limit the market share and growth potential of some larger players. Merger and acquisition activity by dominant market players has come under regulatory scrutiny. This has resulted in entities abandoning plans to consolidate, affecting their value. Strong reliance on market dominance also may be a source of risk if entities are vulnerable to legal challenges, increasing their risk profile and cost of capital.
More",Technology & Communications,Telecommunication Services
Systemic Risk Management,Managing Systemic Risks from Technology Disruptions,"Given the systemic importance of telecommunications networks, systemic or economy-wide disruption may result if the Telecommunication Services network infrastructure is unreliable and prone to business continuity risks. As the frequency of extreme
weather events associated with climate change increases, Telecommunication Services entities may face growing physical threats to network infrastructure, with potentially significant social or systemic impacts. In the absence of resilient and reliable infrastructure, entities may lose revenue associated with service disruptions or face unplanned capital expenditures to repair damaged or compromised equipment. Entities that successfully manage business continuity risks, including identifying critical business operations, and that enhance resilience of the system may substantially reduce their risk exposure and decrease their cost of capital. While implementation of such measures may have upfront costs, entities may gain long-term benefits in terms of lower remediation expenses in cases of high-impact disruptions.
More",Technology & Communications,Telecommunication Services
GHG Emissions,Greenhouse Gas Emissions,"Air Freight & Logistics industry entities generate direct greenhouse gas (GHG) emissions that contribute to climate change. Emissions are generated from fuel combustion by both air and road freight operations. Given the altitude of the emissions from
jet fuel, air freight makes an especially potent contribution to climate change. Management of GHG emissions is likely to affect air freight and logistics entities’ cost structure over time because emissions are tied directly to fuel use, and thus to operating expenses. Fuel efficiency and alternative fuels usage may reduce fuel costs or limit exposure to volatile fuel pricing, future regulatory costs and other consequences of GHG emissions. While newer aircraft and trucks are generally more fuel efficient, existing fleets may be retrofitted. Capital investments in more fuel-efficient aeroplanes or vehicles and emerging fuel-management technology may reduce fuel expenses and improve profitability. These investments also may help entities capture market share of customers seeking low-carbon shipping solutions.
More",Transportation,Air Freight & Logistics
Air Quality,Air Quality,"Entities in the Air Freight & Logistics industry generate air pollutants that may threaten human health. The industry’s primary air emissions include sulphur oxides (SOx), nitrogen oxides (NOx) and particulate matter (PM), which negatively affect
local air quality. As regulators debate the most efficient mechanisms to reduce local air pollution from the industry, entities may be forced to increase operating costs or make investments to modernise their fleets because of regulatory pressure, customer demand and rising fuel costs. Use of more expensive alternative fuels and mechanisms that filter emissions prior to release into the atmosphere also may affect an entity’s cost structure, requiring upfront costs but decreasing regulatory exposure over the long term.
More",Transportation,Air Freight & Logistics
Labour Practices,Labour Practices,"The Air Freight & Logistic industry’s reliance on independent contractors, mainly for courier driving, has come under increasing legal and regulatory scrutiny. The applicable jurisdictional laws and regulations that protect employees may not cover
independent contractors, and entities may face regulatory sanctions for misclassifying employees as independent contractors. Entities also may face legal actions from employee and contractor claims regarding wage payments, benefits and working conditions. Legal actions also may negatively affect an entity’s brand value and ability to hire and retain employees, reducing operational efficiency and increasing turnover costs.
More",Transportation,Air Freight & Logistics
Employee Health & Safety,Workforce Health & Safety,"The Air Freight & Logistics industry may expose employees to dangerous working conditions, including accidents resulting from mechanical failure or human error. Additionally, moving packages manually is a physical process that requires special
training to minimise injury. Although the fatal occupational injury rate for trucking workers is higher than average, worker safety issues in aviation are regulated strictly, which raises the risk of fines or penalties when an incident occurs. Health and safety incidents may result in work stoppages and a range of costs, from medical expenses to workers’ compensation. Such incidents also may reduce productivity, and thus revenues, if employees believe their safety and well-being are being neglected. Finally, entities with poor safety records also may face increased insurance premiums and higher costs of capital, as well as reputational damage that may reduce revenue and market share. An entity may mitigate these effects by providing adequate employee protection and training, ensuring mechanical equipment is functioning safely, and establishing a culture of workplace safety.
More",Transportation,Air Freight & Logistics
Supply Chain Management,Supply Chain Management,"Many entities in the Air Freight & Logistics industry contract with large, complex networks of asset-based third-party providers to provide freight transportation services to their customers. Contracting is common among entities providing freight
forwarding, logistics, brokerage and intermodal services. These contractors operate across all modes of transport such as motor carriers, railroads, air freight and ocean carriers. Entities must manage contractor relationships to ensure contractor actions that may result in environmental or social impacts do not result in material adverse effects on their own operations, such as decreased brand value. At the same time, entities that offer low-carbon logistics solutions may capture market share from customers seeking to reduce the carbon footprint of their shipments.
More",Transportation,Air Freight & Logistics
Critical Incident Risk Management,Accident & Safety Management,"All modes of transportation pose safety risks. In some cases, mechanical failure or human error may result in accidents with significant environmental or social consequences, including regulatory action and lawsuits from impacted communities or
customers. Although the stringency of regulatory requirements may vary by the region of operation, entities that maintain the highest safety standards throughout their global operations may minimise the risks of safety incidents that affect their reputation and profitability.
More",Transportation,Air Freight & Logistics
GHG Emissions,Greenhouse Gas Emissions,"As a result of a heavy reliance on hydrocarbon fuels, the Airlines industry generates significant emissions, more than 99% of which are in the form of carbon dioxide (CO2). Therefore, the industry is subject to compliance costs and risks associated
with climate change mitigation policies. The main sources of greenhouse gas (GHG) emissions for airlines entities are aircraft fuel use and emissions, ground equipment and facility electricity. Aircraft fuel consumption is the largest contributor to total emissions from the industry, and fuel management is a critical part of reducing emissions. Management of fuel-related environmental impacts includes increasing fuel efficiency through fleet upgrades, retrofits, and flight speed and route design optimisation, as well as using alternative and sustainable fuels. These initiatives require capital expenditures, but in the long term, they may reduce fuel costs and decrease exposure to GHG emissions programmes and regulatory risk.
More",Transportation,Airlines
Labour Practices,Labour Practices,"Collective agreements cover many workers in the Airlines industry and guide fair wage discussions, safe working conditions and freedom of association, which are among basic worker rights. The organising of essential personnel and increased wages or
benefits may result in higher labour costs. At the same time, labour practices may affect long-term business profitability. Effective management of, and communication associated with, issues such as worker pay and working conditions may prevent conflicts with workers that could result in extended periods of strikes, which may slow or suspend operations and damage an entity’s reputation, potentially reducing revenue and market share.
More",Transportation,Airlines
Competitive Behaviour,Competitive Behaviour,"The Airlines industry is characterised by competitive margins because of high fixed capital and labour costs and competition with government-subsidised carriers in some markets. Airlines often seek cost savings using economies of scale with alliances
or consolidation, which may result in market concentration. The industry also has high barriers to entry because of limited landing rights and increasing airport congestion. Together, these characteristics may encourage entities to engage in anti-competitive practices that increase consumer prices. As a result, antitrust authorities have scrutinised some airline industry practices such as airport slot management, predatory pricing, and alliances and mergers. Legal fees, reputational risk, delayed merger or acquisition transaction costs, and limits to growth through acquisition or merger may create material risks for investors.
More",Transportation,Airlines
Critical Incident Risk Management,Accident & Safety Management,"Air travel accidents may result in significant consequences. Passenger safety is paramount in the Airlines industry. Although air travel is one of the safest transport modes, airlines are held to very high safety standards, and consumers expect
accident-free operations. Furthermore, since products transported by air tend to be high-value or perishable goods, delivering them safely and in a timely manner is a priority for any carrier. Airline accidents may result in significant environmental and social externalities and require entities to pay for remediation and victim compensation. Safety incidents or violations of safety regulations may affect an entity’s reputation, increasing its risk and cost of capital, resulting in reduced consumer demand and revenues. Even if they occur rarely, larger accidents may result in significant, long-term effects on brand value and revenue growth. Providing adequate employee safety training and ensuring the health and well-being of crew members is critical to ensuring safety. Timely and competent aircraft maintenance may minimise the chances of technical failure and regulatory penalties for non-compliance.
More",Transportation,Airlines
Energy Management,Energy Management,"Most energy consumed in the automobile manufacturing process occurs in the supply chain. Auto parts manufacturers use electricity and fossil fuels in their production processes, resulting in direct and indirect emissions of greenhouse gases
(GHGs). Purchased electricity is a majority of the energy used in the Auto Parts industry. Sustainability initiatives such as incentives for energy efficiency and renewable energy are making alternative sources of energy more cost competitive. Regulators and consumers also are encouraging the industry to reduce GHG emissions. While managing the cost and risks associated with overall energy efficiency, reliance on various types of energy and access to alternative energy sources may become increasingly important.
More",Transportation,Auto Parts
Waste & Hazardous Materials Management,Waste Management,"Manufacturing auto parts involves using significant amounts of materials (including steel, iron, aluminium and plastics, among others). Waste generated by the industry includes machine lubricants and coolants, aqueous and solvent cleaning
systems, paint, and scrap metals and plastics. Auto parts manufacturers spend a significant proportion of revenue on the cost of materials. Therefore, entities that manage manufacturing inputs properly by reducing and recycling waste may mitigate price volatility and supply disruption risks. Moreover, auto parts manufacturers may achieve cost savings and improve operational efficiency by increasing the proportion of waste recycled. Equally, auto parts manufacturers whose waste management practices create negative environmental impacts may face increased regulatory oversight. Violating environmental regulations may increase legal expenses as well as capital expenditures for pollution-control facilities and occupational health and safety projects.
More",Transportation,Auto Parts
Product Quality & Safety,Product Safety,"Driving is a risky activity, since distracted driving, speeding, drunk driving, dangerous weather conditions and other factors may result in accidents that expose drivers, passengers and bystanders to injuries and deaths. Accidents can also be caused
by defective vehicle parts, and an entity’s failure to detect defects before vehicles are sold may have significant financial repercussions for both automobile and auto parts manufacturers. Entities improving vehicle safety and responding quickly when defects are identified may mitigate potentially costly regulatory action or customer lawsuits. These efforts may preserve relationships with original equipment manufacturers (OEMs), who often select Tier 1 suppliers based on their safety performance and reliability. As cars integrate more sophisticated electronics and technologies, risks related to recalls may increase. Through effective management of product safety, entities may enhance their brand value and improve sales over the long term.
More",Transportation,Auto Parts
Product Design & Lifecycle Management,Design for Fuel Efficiency,"Automobile manufacturers increasingly are demanding motor parts and components that reduce vehicle fuel consumption. Fuel-efficient components and parts are critical in reducing automobile tailpipe emissions through energy efficiency gains and weight
reductions, among other factors. Auto parts entities that design and manufacture such parts may increase sales to auto manufacturers that increasingly are facing stricter environmental regulations and customer preferences for more environmentally friendly cars.
More",Transportation,Auto Parts
Materials Sourcing & Efficiency,Materials Sourcing,"Entities in the Auto Parts industry commonly rely on rare earth metals and other critical materials as important inputs for finished products. Many of these inputs have few substitutes and often are sourced from a few countries, many of which may be
subject to geopolitical uncertainty. Other sustainability-related impacts such as climate change, land use, resource scarcity and conflict in regions where the industry’s supply chain operates are also increasingly shaping the industry’s ability to source materials. Additionally, increased competition for these materials because of growing global demand from other sectors may result in price increases and supply risks. These materials play a crucial role in clean energy technologies, such as electric and hybrid vehicles. As regulators strive to reduce greenhouse gas emissions and consumers demand more fuel-efficient vehicles, the share of hybrids and zero-emission vehicles (ZEVs) produced by the Automobiles industry may continue to increase in the future. Entities that limit the use of critical materials, secure sourcing and develop alternatives may mitigate supply disruptions and volatile input prices, which could adversely affect their margins, risk profile and cost of capital.
More",Transportation,Auto Parts
Materials Sourcing & Efficiency,Materials Efficiency,"Millions of vehicles worldwide reach the end of their useful lives every year. At the same time, the rate of vehicle ownership is expanding globally, resulting in more end-of-life vehicles. To reduce vehicle lifecycle impact, auto parts manufacturers
may design parts to be more easily recyclable and reusable, and apply modularity principles to product design. They also may sponsor take-back programmes to ensure safe product disposal and reuse. Given input price volatility and resource constraints, entities that manage materials efficiency may improve their long-term operational efficiency and risk profile. In addition, entities may reduce manufacturing costs by using fewer materials or by recycling materials, which may improve their margins.
More",Transportation,Auto Parts
Competitive Behaviour,Competitive Behaviour,"Competitive business practices are an important governance issue for entities in the Auto Parts industry. Although industry concentration is low, a wide range of auto parts are available, and competition for business within each category of parts may
be limited. Therefore, leading producers of any specific auto part may wield substantial market power in specific market segments, creating antitrust concerns. Collusion and price fixing by auto parts manufacturers may ultimately affect consumers through higher vehicle prices. If such activities are discovered, jurisdictions may impose legal or regulatory penalties, and the resulting reputational damage may adversely affect an entity’s valuation.
More",Transportation,Auto Parts
Product Quality & Safety,Product Safety,"Driving is a risky activity, since factors such as distracted driving, drunk driving, speeding and dangerous weather conditions may result in accidents that expose drivers, passengers and bystanders to injuries and deaths. Defective vehicles may also
cause accidents, and failure to detect defects before vehicles are sold may result in significant financial repercussions for auto manufacturers. In many countries, defective vehicles that do not meet safety requirements must be recalled and repaired or replaced at the manufacturer’s cost. Recalls may damage brand value, which may reduce revenues and growth potential and increase an entity’s risk profile and cost of capital. Entities that ensure vehicle safety and respond quickly when they identify defects may reduce the risks of regulatory action or customer lawsuits that may adversely affect their margins. Through effective management of vehicle safety, entities may improve brand value and sales over the long term.
More",Transportation,Automobiles
Labour Practices,Labour Practices,"Collective bargaining agreements cover many workers in the Automobiles industry guiding fair wage discussions, safe working conditions and freedom of association, which are among basic workers’ rights. Because of the global nature of the
industry, auto entities may also operate in countries where workers’ rights are inadequately protected. Effective communication by management regarding issues such as pay and working conditions may prevent conflicts between workers and management that may result in strikes, which slow or suspend manufacturing, reduce revenues and increase operational risk. Auto manufacturers that manage workers’ rights effectively may improve the long-term financial sustainability of their operations by enhancing worker productivity.
More",Transportation,Automobiles
Product Design & Lifecycle Management,Fuel Economy & Use-phase Emissions,"Motor vehicle fossil fuel combustion accounts for a significant share of the greenhouse gas (GHG) emissions contributing to global climate change. Engine exhaust also generates local air pollutants such as nitrogen oxides (NO?), volatile organic
compounds (VOCs) and particulate matter (PM), which can threaten human health and the environment. In this context, vehicle emissions increasingly concern consumers and regulators around the world. Although use-phase emissions are downstream from auto manufacturers, regulations often focus on auto manufacturers to reduce these emissions, such as through fuel economy standards. More stringent emissions standards and changing consumer demands are driving electric vehicle and hybrid market expansion, as well as for high fuel-efficiency conventional vehicles. Moreover, manufacturers are designing innovative vehicles made with lighter-weight materials to improve fuel efficiency. Entities that meet current fuel-efficiency and emissions standards and continue to innovate to meet or exceed future regulatory standards in various markets may strengthen their competitive position and expand their market share, while mitigating the risk of reduced demand for conventional vehicles.
More",Transportation,Automobiles
Materials Sourcing & Efficiency,Materials Sourcing,"Entities in the Automobiles industry commonly rely on rare earth metals and other critical materials as important inputs. Many of these inputs have few substitutes and often are sourced from a few countries, many of which may be subject to
geopolitical uncertainty. Other sustainability impacts related to climate change, land use, resource scarcity and conflict in regions where the industry’s supply chain operates are also increasingly shaping the industry’s ability to source materials. Additionally, increased competition for these materials because of growing global demand from other sectors may result in price increases and supply risks. These materials play a crucial role in clean energy technologies, such as electric and hybrid vehicles. As regulators strive to reduce greenhouse gas emissions and consumer demand grows for more fuel-efficient vehicles, the share of hybrids and zero emission vehicles (ZEVs) produced by the Automobiles industry may continue to increase in the future. Entities that limit the use of critical materials, secure their sourcing and develop alternatives may mitigate supply disruptions and volatile input prices, which could adversely affect their margins, risk profile and cost of capital.
More",Transportation,Automobiles
Materials Sourcing & Efficiency,Materials Efficiency & Recycling,"Auto manufacturing involves the use of significant amounts of materials (including steel, iron, aluminium and plastics) and can generate substantial amounts of waste (including scrap metal, paint sludge and shipping materials). As the rate of vehicle
ownership expands globally and millions of vehicles reach the end of their useful lives each year, automobile lifecycle environmental impacts are increasing. Automobile entities may focus on innovation in design as well as process and technological improvements to mitigate these impacts and achieve financial benefits. Entities that improve materials efficiency in their production processes, including reducing waste and reusing or recycling waste and scrapped vehicles, may reduce vehicle lifecycle environmental impacts. Through such innovation, entities may achieve cost savings by reducing input costs and mitigating potential regulatory fines or penalties. They may also mitigate production input price fluctuations from periodic or long-term resource scarcity.
More",Transportation,Automobiles
Product Quality & Safety,Customer Safety,"Meeting customer satisfaction standards for the Car Rental & Leasing industry means ensuring vehicles are in proper working condition and customers understand how to safely operate the vehicles. Since rental vehicles accumulate significant mileage
compared to private vehicles, frequent maintenance and repair are required, which can be costly. Vehicle recalls are materially significant to the industry because the associated repairs temporarily may reduce entities’ available fleet, create customer service issues and decrease the residual value of cars. In addition, if customers are involved in accidents and the car rental entity is found negligent, the entity may face legal fees, impaired brand value and a higher risk profile. Balancing cost savings while ensuring safety can be complex. The franchise model under which car rental and leasing entities operate adds to the complexity, since franchisees separately own and manage their fleets.
More",Transportation,Car Rental & Leasing
Product Design & Lifecycle Management,Fleet Fuel Economy & Utilisation,"By providing fuel-efficient and alternative fuel vehicles, car rental and leasing entities may improve the environmental sustainability of their operations while also achieving financial benefits. Consumer demand for more efficient vehicles is
growing, motivated by both environmental stewardship and lower operating costs associated with fuel efficiency. In addition to providing fuel-efficient and low-emission fleets, entities in the industry are adapting to changing vehicle needs by providing car-sharing services. In urban settings, car sharing is an attractive alternative to vehicle ownership that reduces congestion and the environmental impacts associated with private ownership of vehicles. By maximising fleet utilisation rates through car-sharing, entities may improve operational efficiency.
More",Transportation,Car Rental & Leasing
GHG Emissions,Greenhouse Gas Emissions,"Cruise lines generate emissions mainly from the combustion of diesel in ship engines. The industry’s reliance on heavy fuel oil (‘bunker fuel’) is of material concern because of rising fuel costs and intensifying greenhouse gas
(GHG) regulations. Evolving environmental regulations are encouraging the adoption of more fuel-efficient engines, engine retrofits and the use of cleaner-burning fuels. Fuel constitutes a major expense for industry players, providing a further incentive for investing in upgrades or retrofits to boost fuel efficiency. In addition, GHG regulation violations may result in fines and compliance costs.
More",Transportation,Cruise Lines
Air Quality,Air Quality,"Fuel use on cruise lines generates air pollutants such as sulphur oxides (SO?), nitrogen oxides (NO?) and particulate matter (PM10). These pollutants can have localised environmental and health impacts and are of particular concern at port cities and
other restricted areas where entities may be penalised for exceeding emissions limits. Entities can manage these risks by commissioning more energy-efficient vessels, retrofitting existing fleets and using onshore power if it is available at ports.
More",Transportation,Cruise Lines
Ecological Impacts,Discharge Management & Ecological Impacts,"Cruise holidays offer access to undeveloped ocean waters and destinations with marine protected areas or areas with protected conservation status. Cruise ships, associated with large vessels, rapid influxes of tourists, intensive resource consumption
and high waste generation, can be particularly damaging to ecosystems in which they travel and operate. Cruise ships discharge many types of treated and untreated wastewater at sea and non-degradable solid wastes on land. Careful management of ship discharge and the mitigation of cruise line ecological impacts may maintain shipping access to ports and preserve the natural beauty guests wish to experience, both of which are essential for entities to maintain market share as well as attract new customers.
More",Transportation,Cruise Lines
Product Quality & Safety,Customer Health & Safety,"Cruise lines offer a variety of luxury experiences and activities to their customers, including elabourate shows, casinos, fine dining, indoor skydiving, spa treatments, swimming and fitness facilities. Each activity comes with its own set of health
risks, safety challenges and liabilities that entities must navigate. Consumer expectations for safety and comfort are high, so avoiding health and physical safety risks is especially important for entities’ viability. Publicised cases of crimes, injuries and illnesses onboard cruise ships may have serious repercussions on brand value and ticket sales. Customer lawsuits may also result in high incremental legal costs. Although cruise ship crime rates are low when compared to crime rates in most developed countries, law enforcement is much more difficult to navigate, and cases are not as easy to resolve since ships commonly take passengers to international waters and fly a foreign flag, leading to uncertainty about which jurisdictions are responsible for law enforcement. Entities can protect customer health and safety by implementing a robust safety management system.
More",Transportation,Cruise Lines
Labour Practices,Labour Practices,"Cruise lines employ thousands of workers onboard each large vessel. Ships may register in countries where labour laws related to pay, working hours, fair treatment and termination may be flexible. Ship crews are multinational, and many are hired on a
contract basis. Crews often work long hours for many months residing in shared quarters, which can make recuperation difficult. Some entities offer a gratuity-based wage structure to reduce payroll costs. Language barriers, the complexity of flag state laws and the laws in workers’ home countries may make labour law violation charges difficult for workers to file. Low morale among workers may impair their ability to meet customer service expectations, potentially reducing an entity’s revenues and market share over the long term.
More",Transportation,Cruise Lines
Employee Health & Safety,Workforce Health & Safety,"Entities in the Cruise Lines industry operate a unique service that requires them to provide safety oversight comparable to a small city, including addressing all medical and security needs. A commitment to providing a clean and sanitary environment
on board is important for protecting crew health, which can affect productivity and morale as well as customer health, and thus an entity’s reputation and market share. Additionally, several governing bodies—including the flag state, port state and home country of a crew member—may be involved in both providing and enforcing industry safety regulations. This regulatory mix may create confusion regarding the protections afforded to crew members. Entities that fail to protect crew health and safety may also experience higher employee turnover and difficulties with employee recruitment and retention.
More",Transportation,Cruise Lines
Critical Incident Risk Management,Accident Management,"Although cruise ships are one of the safest forms of travel for holidays, the industry competes on customer experience and satisfaction, making safety management a top priority. Given the scale of cruise vessels and the vulnerability of passengers at
sea, one mismanaged accident may significantly reduce consumer confidence in an entity. Although major accidents are rare, they may affect not only an entity’s revenue and brand value, but those of the entire Cruise Lines industry. Proper equipment maintenance, staff training and implementation of the latest safety technologies and practices may protect an entity’s safety record and ensure high customer satisfaction while lowering an entity’s risk profile and cost of capital.
More",Transportation,Cruise Lines
GHG Emissions,Greenhouse Gas Emissions,"Marine transportation entities generate emissions mainly from the combustion of diesel in ship engines. The industry’s reliance on heavy fuel oil (‘bunker fuel’) is of material concern because of rising fuel costs and intensifying greenhouse gas
(GHG) regulations. The industry is among the most fuel efficient of the major transportation modes in terms of fuel use per tonne shipped. However, because of the industry’s size, its contribution to the global GHG emissions is still significant. Recent environmental regulations are encouraging the adoption of more fuel-efficient engines and the use of cleaner-burning fuels. Fuel constitutes a major expense for industry players, providing a further incentive for investing in upgrades or retrofits to boost fuel efficiency.
More",Transportation,Marine Transportation
Air Quality,Air Quality,"Air pollutants such as sulphur oxides (SO?), nitrogen oxides (NO?) and particulate matter (PM10) are significant environmental externalities from the use of fossil fuels by marine shipping entities. These pollutants tend to have localised
environmental and health impacts and are especially a concern at port cities. Air pollution regulations are encouraging the adoption of more fuel-efficient engines and the use of cleaner-burning fuels as entities seek to reduce exposure to fines and environmental remediation costs. A further fuel efficiency incentive is that fuel constitutes a major expense for the industry, so capital expenditures to upgrade vessels may be offset over the long term from fuel costs savings.
More",Transportation,Marine Transportation
Ecological Impacts,Ecological Impacts,"The operations and waste disposal practices of marine transportation entities may create substantial environmental externalities, such as water pollution and damage to marine life. Seagoing vessels routinely discharge ballast water, bilge water and
untreated sewage. Compliance with international regulations intended to manage the ecological impacts of operation may require significant capital expenditures to upgrade or instal waste management systems. Illegal bilge water dumping and other unregulated discharges may result in hefty fines, negatively affecting an entity’s risk profile. Operating in areas of protected conservation status, such as Emission Control Areas (ECAs) and Particularly Sensitive Sea Areas (PSSAs), may increase the risk of ecological impacts as well as the risk of violating environmental regulations.
More",Transportation,Marine Transportation
Employee Health & Safety,Workforce Health & Safety,"Marine transportation workers face dangers such as hazardous weather and exposure to large machinery and heavy cargo. The greatest health and safety risks occur during loading and unloading cargo at ports. Ships must be loaded and unloaded quickly
and on schedule, increasing injury risk, fatigue and stress. The health and well-being of workers in the industry also is linked inextricably to entity safety performance since a healthy crew is necessary for safe voyages. Entities with inadequate safety management systems that fail to ensure crew health and safety may witness increased employee turnover and worker-related expenses, including medical expenses such as insurance premiums and worker pay-outs.
More",Transportation,Marine Transportation
Business Ethics,Business Ethics,"Port facilitation payments are considered standard business practice in some countries to obtain permits, cargo clearance and port berths. However, anti-bribery laws place pressure on marine transportation entities to alter this practice. Enforcement
of these laws may result in significant one-time costs and higher compliance costs and increased cost of capital, or affect an entity’s social licence to operate. Entity governance must monitor for and prevent corruption, participation—whether wilful or unintentional—in illegal or unethical payments, or the exertion of unfair influence. Operating in corruption-prone countries may exacerbate these risks.
More",Transportation,Marine Transportation
Critical Incident Risk Management,Accident & Safety Management,"Accidents or leaks involving large vessels can have significant impacts on life, property and the environment. Negative media attention and significant clean-up costs may impair an entity’s finances. To reduce the risk of accidents, entities conduct
extensive safety measures, such as employee training programmes, periodic dry-docking maintenance periods and annual class-renewal surveys conducted by classification societies. The global marketplace’s reliance on the shipping industry means that voyages must be made within precise timeframes, providing further accident prevention incentives.
More",Transportation,Marine Transportation
GHG Emissions,Greenhouse Gas Emissions,"The Rail Transportation industry generates emissions mainly through the combustion of diesel in locomotive engines. Despite relatively low emissions compared to other transportation industries, fuel management has implications for industry entities
in terms of operating costs and regulatory compliance. Greenhouse gases (GHGs) including carbon dioxide (CO2) are of particular importance to government regulators concerned about climate change. Intensifying regulation of locomotive exhaust emissions and high fuel costs encourage rail entities to invest in fuel efficiency enhancements to manage emissions. These investments can improve an entity’s operational efficiency and cost structure, with effects on value and competitive position both within the industry and compared to other modes of transport.
More",Transportation,Rail Transportation
Air Quality,Air Quality,"Rail operations emit several types of air pollutants regulated under national and international laws. These air pollutants can create significant and localised environmental and health impacts. For example, locomotive engines idling at rail yards may
be a health concern for nearby human populations because HAPs such as benzene are known human carcinogens. Nitrogen oxides (NOx) are a major component of smog and acid rain. At the same time, fuel is a significant industry cost. Rail entities that implement fuel efficiency enhancements and manage emissions may witness reduced costs in both the short and longer term.
More",Transportation,Rail Transportation
Employee Health & Safety,Workforce Health & Safety,"Moving freight by rail includes the risk of accidents and unintended releases of hazardous materials. These events may harm employee health and well-being as well as have negative financial effects on entities, such as reduced productivity, higher
employee turnover and increased insurance costs. Poor employee health also may cause accidents. A healthy workforce, strong safety culture, thorough and systematic approach to safety, risk management programmes (including emergency preparedness and response), and operational integrity at all levels of an entity may reduce the probability and magnitude of rail accidents.
More",Transportation,Rail Transportation
Competitive Behaviour,Competitive Behaviour,"Industry consolidation and prior allegations of anti-competitive practices in relation to captive shippers, among other reasons, threaten the anti-trust immunity granted to railroads in some regions. Some of the proposed policy changes may result in
significant costs or impede investment in the industry. Rail entities operating at the limits of allowable charges in areas where they have market dominance, or those not complying with applicable jurisdictional legally or regulatory enforced rate structures, may face increased regulatory scrutiny. Any associated fines or penalties may affect an entity’s valuation negatively by increasing its cost of capital. In an environment of increased concerns about the market power and pricing practices of rail entities, competitive pricing and transparency in rate-setting while achieving adequate returns on investment is in their continued best interest.
More",Transportation,Rail Transportation
Critical Incident Risk Management,Accident & Safety Management,"Rail accidents and unintended releases of hazardous materials have negative repercussions for the environment and communities along railroad tracks, as well as financial effects on entities themselves. Increasingly stringent safety regulations and
the potential for significant costs following major accidents encourage entities to manage their safety performance with robust safety management systems. In addition, losing consumer confidence after such events may reduce revenues and damage an entity’s social licence to operate, increasing its cost of capital.
More",Transportation,Rail Transportation
GHG Emissions,Greenhouse Gas Emissions,"The Road Transportation industry generates emissions mainly through the combustion of diesel and other fossil fuels in truck engines. Greenhouse gases (GHGs) including carbon dioxide (CO2) are of particular importance to government regulators
concerned about climate change and to consumers demanding low-carbon or carbon-neutral transportation solutions. Because GHG emissions from trucks constitute a significant portion of transportation-related emissions, the industry is a focal point for regulations to limit GHG emissions. Operational changes that increase fuel efficiency may reduce fuel costs while also limiting exposure to volatile fuel pricing, regulatory costs and other consequences of GHG emissions. Although newer trucks are more fuel-efficient, other measures also may improve efficiency and reduce emissions in existing fleets.
More",Transportation,Road Transportation
Air Quality,Air Quality,"Compared to other modes of transport, road freight has a more localised negative effect on air quality from emissions of sulphur oxides (SOx), nitrogen oxides (NOx) and particulate matter (PM). Heavy reliance on diesel fuel is of particular
concern. Although diesel engines realise better gas mileage than gasoline engines, they generate more harmful air pollutants. Using alternative fuels and filtering emissions prior to release may help entities comply with air quality regulations and avoid contributing to smog in cities and dense population centres, which may damage their social licence to operate.
More",Transportation,Road Transportation
Employee Health & Safety,"Workforce Conditions, Health & Safety","The Road Transportation industry faces challenges with driver recruitment and retention. The industry has challenging working conditions and regulations that limit working hours. Possible labour shortages may raise labour costs and reduce industry
revenue. Time-critical deliveries are demanding for drivers, who may experience long and often odd hours behind the wheel, lengthy stays away from home, lack of sleep and feelings of isolation. These factors, in combination with high injury and illness rates, largely because of accidents, make recruiting new drivers and retaining existing staff difficult. Entities that offer better driver working conditions may benefit from lower employee turnover rates, higher productivity and the ability to hire staff to expand operations and increase revenue.
More",Transportation,Road Transportation
Critical Incident Risk Management,Accident & Safety Management,"Road transportation involves inherent dangers, including accidents resulting from mechanical failure or human error. Entities in this industry train drivers and maintenance staff to minimise accidents. Injury and fatality rates, associated costs, and
investment in safety technologies show the significance of the issue for the industry. Entities with more effective safety management may improve operational efficiency, retain drivers, reduce delays and avoid costs associated with serious accidents. In contrast, those with poor safety management may experience regulatory penalties, higher insurance premiums and service disruptions that reduce revenues and impair brand value.
More",Transportation,Road Transportation
